,Total extra views,Average distance,Max distance
http://ocw.tudelft.nl,2872.0,2.8719999999999537,17.0
https://tresor.tudelft.nl,2850.0,2.8499999999999575,11.0
https://ocw.tudelft.nl,2737.0,2.7369999999999526,17.0
https://ocw.tudelft.nl/courses/introduction-seismic-essentials-groningen/,2712.0,2.711999999999952,18.0
https://www.tudelft.nl/en/research/faculties-and-disciplines/,2615.0,2.614999999999967,8.0
https://ocw.tudelft.nl/courses/introductiecursus-technische-bestuurskunde/,2586.0,2.5859999999999537,14.0
https://tresor.tudelft.nl/kaart/,2580.0,2.5799999999999574,11.0
https://www.tudelft.nl/studenten/faculteiten/io/onderwijs/afstuderen-master/graduation-opportunities/,2521.0,2.52099999999997,7.0
https://www.tudelft.nl/studenten/faculteiten/io/praktische-zaken/aanmelden-voor-vakken-osiris/keuzevakken-in-de-bachelor/,2516.0,2.515999999999966,7.0
https://www.tudelft.nl/studenten/faculteiten/io/praktische-zaken/aanmelden-voor-vakken-osiris/msc-electives/,2516.0,2.5159999999999694,6.0
https://collegeramacolleges.tudelft.nl/new/,2511.0,2.510999999999968,7.0
https://www.tudelft.nl/en/faculty-of-applied-sciences/research/phd/,2508.0,2.5079999999999685,5.0
https://bis.bk.tudelft.nl/myenrolments/student,2506.0,2.5059999999999607,6.0
https://www.tudelft.nl/index.php?id=38824,2505.0,2.5049999999999666,5.0
https://www.tudelft.nl/studenten/faculteiten/io/praktische-zaken/aanmelden-voor-vakken-osiris/msc-electives/elective-space-opportunities/,2487.0,2.4869999999999672,6.0
https://www.tudelft.nl/en/ceg/about-faculty/departments/geoscience-engineering/sections/geo-engineering/staff/,2437.0,2.4369999999999687,5.0
https://www.tudelft.nl/studenten/ict/student-it-desk/,2425.0,2.4249999999999634,7.0
https://ocw.tudelft.nl/courses/self-study-english-dutch-students/,2424.0,2.423999999999954,16.0
https://iamap.tudelft.nl/en/accessibility-and-parking/,2423.0,2.4229999999999614,10.0
https://collegeramacolleges.tudelft.nl/new/faculty/eemcs/,2411.0,2.4109999999999614,12.0
http://rail.tudelft.nl,2404.0,2.403999999999968,7.0
http://www.sid.tudelft.nl,2380.0,2.3799999999999684,6.0
https://www.tudelft.nl/over-tu-delft/contact-en-bereikbaarheid/plattegrond-en-gebouwen/,2360.0,2.359999999999957,16.0
https://www.tudelft.nl/lr/studeren/master-aerospace-engineering/limited-capacity-space-flight/,2347.0,2.3469999999999662,5.0
https://sportsandculture.tudelft.nl/en/home,2346.0,2.345999999999967,10.0
https://ocw.tudelft.nl/programs/bachelor/,2334.0,2.3339999999999756,10.0
https://www.tudelft.nl/en/3me/about/departments/materials-science-and-engineering/research/corrosion-technology-and-electrochemistry/people/,2305.0,2.3049999999999704,4.0
http://www.bme.msc.tudelft.nl,2302.0,2.301999999999968,11.0
https://www.tudelft.nl/ai/about-us-contact/,2284.0,2.2839999999999736,5.0
https://www.tudelft.nl/onderwijs/opleidingen/masters/bme/msc-biomedical-engineering/,2281.0,2.280999999999971,15.0
https://www.tudelft.nl/en/ceg/about-faculty/departments/engineering-structures/sections-labs/railway-engineering/,2273.0,2.27299999999997,7.0
https://www.tudelft.nl/en/3me/about/departments/materials-science-and-engineering/people/scientific-staff/,2272.0,2.271999999999973,4.0
https://www.tudelft.nl/tbm/onderwijs/online-education/massive-open-online-course/,2255.0,2.254999999999981,6.0
https://www.tudelft.nl/en/eemcs/the-faculty/departments/electrical-sustainable-energy/intelligent-electrical-power-grids-iepg-group/staff/,2251.0,2.2509999999999715,5.0
https://www.tudelft.nl/library/collecties/,2229.0,2.228999999999975,14.0
https://www.tudelft.nl/en/student/faculties/ide/education/msc-graduation/downloads/,2220.0,2.219999999999958,5.0
https://online-learning.tudelft.nl/programs/pv-modeling-simulation-and-analysis/,2213.0,2.2129999999999725,6.0
https://www.tudelft.nl/en/x/,2210.0,2.2099999999999733,11.0
http://geomatics.tudelft.nl,2206.0,2.205999999999966,6.0
https://adhok.bk.tudelft.nl,2206.0,2.20599999999997,3.0
https://iamap.tudelft.nl/bereikbaarheid/,2201.0,2.2009999999999557,13.0
https://www.tudelft.nl/en/student/faculties/as-student-portal/education/graduation/bachelors-graduation-procedure/,2197.0,2.1969999999999765,13.0
https://www.tudelft.nl/en/student/faculties/as-student-portal/education/graduation/bachelors-graduation-procedure/exam-dates-bsc/,2190.0,2.1899999999999764,9.0
https://brightspace-support.tudelft.nl/remote-teaching-learning/,2185.0,2.1849999999999756,7.0
https://online-learning.tudelft.nl/courses/photovoltaic-systems-modeling/,2182.0,2.1819999999999675,7.0
https://www.tudelft.nl/index.php?id=6809,2170.0,2.169999999999965,5.0
http://staff.tudelft.nl/en/J.L.RuedaTorres/,2157.0,2.1569999999999716,4.0
https://www.tudelft.nl,2150.0,2.149999999999984,5.0
https://www.tudelft.nl/index.php?id=31529,2146.0,2.1459999999999706,6.0
https://www.tudelft.nl/en/faculty-of-applied-sciences/about-faculty/departments/imphys/,2145.0,2.1449999999999854,5.0
https://www.tudelft.nl/,2130.0,2.1299999999999844,4.0
http://www.imphys.tudelft.nl,2124.0,2.1239999999999855,4.0
http://www.minors.tudelft.nl,2112.0,2.1119999999999735,5.0
http://www.citg.tudelft.nl/studeren/minors/geo-resources-for-the-future/,2104.0,2.103999999999976,7.0
https://www.tudelft.nl/studenten/faculteiten/bk-studentenportal/onderwijs/intekening-en-svo/intekenen-en-uittekenen-onderwijs/,2103.0,2.1029999999999607,10.0
https://online-learning.tudelft.nl/micromasters/solar-energy-engineering/,2101.0,2.100999999999979,9.0
https://www.tudelft.nl/en/eemcs/the-faculty/departments/applied-mathematics/statistics/people/,2091.0,2.0909999999999616,3.0
https://www.tudelft.nl/citg/over-faculteit/afdelingen/materials-mechanics-management-design-3md/sections-labs/applied-mechanics/staff/,2088.0,2.0879999999999654,5.0
https://online-learning.tudelft.nl/courses/?course_types=PE,2085.0,2.0849999999999707,8.0
https://www.tudelft.nl/onderzoek/faculteiten-en-disciplines/,2072.0,2.071999999999956,7.0
http://www.wbmt2.tudelft.nl/onderw2019/Bachelorprogrammas_3mE.htm,2067.0,2.0669999999999895,4.0
https://www.tudelft.nl/studenten/rechtspositie/fraude-plagiaat/,2058.0,2.0579999999999634,5.0
https://www.tudelft.nl/en/staff/a.mohammadigheidari-1,2058.0,2.0579999999999847,4.0
https://www.tudelft.nl/en/architecture-and-the-built-environment/research/projects/urbanism/,2057.0,2.05699999999998,4.0
https://www.tudelft.nl/onderwijs/opleidingen/masters/made/msc-metropolitan-analysis-design-and-engineering/,2047.0,2.046999999999985,7.0
http://studenten.tudelft.nl/en/,2045.0,2.0449999999999915,3.0
https://www.tudelft.nl/staff/j.caro/,2038.0,2.0379999999999847,4.0
https://www.tudelft.nl/library/,2035.0,2.034999999999988,8.0
http://www.tnw.tudelft.nl/en/,2034.0,2.0339999999999803,3.0
https://www.tudelft.nl/x/aanbod/ruimte-reserveren-als-x-abonnee/,2033.0,2.0329999999999697,12.0
https://www.tudelft.nl/onderwijs/opleidingen/masters/ae/msc-aerospace-engineering/master-tracks/aerodynamics-wind-energy,2027.0,2.026999999999979,4.0
https://www.tudelft.nl/staff/b.vanloenen/,2008.0,2.007999999999988,6.0
https://www.tudelft.nl/index.php?id=7577,2006.0,2.005999999999994,4.0
https://www.tudelft.nl/studenten/faculteiten/3me-studentenportal/onderwijs/bachelor/bsc-werktuigbouwkunde/,2003.0,2.002999999999999,4.0
https://ocw.tudelft.nl/programs/master/biomedical-engineering/,1994.0,1.9939999999999585,16.0
http://vodocenten.tudelft.nl,1993.0,1.9930000000000012,2.0
http://staff.tudelft.nl/en/M.Cvetkovic,1991.0,1.9909999999999897,3.0
http://universiteitsfonds.tudelft.nl,1991.0,1.9910000000000017,2.0
https://www.tudelft.nl/en/staff/o.elgawhary/,1986.0,1.9859999999999878,4.0
https://online-learning.tudelft.nl,1982.0,1.9820000000000007,2.0
https://brightspace-support.tudelft.nl/tools-tu-delft/,1982.0,1.981999999999989,6.0
https://www.tudelft.nl/en/,1978.0,1.9780000000000002,3.0
https://www.tudelft.nl/onderwijs/opleidingen/masters/bme/msc-biomedical-engineering/contact/,1975.0,1.9749999999999874,9.0
https://www.tudelft.nl/en/tnw/bn/,1974.0,1.97399999999999,3.0
https://www.tudelft.nl/library/collecties/tu-delft-repository/,1972.0,1.9719999999999995,4.0
https://www.tudelft.nl/en/education/programmes/masters/aerospace-engineering/msc-aerospace-engineering/master-tracks/flight-performance-and-propulsion/,1969.0,1.9689999999999996,3.0
https://www.tudelft.nl/tbm/onderwijs/online-education/professional-education/,1965.0,1.9649999999999963,5.0
https://www.tudelft.nl/studenten/faculteiten/3me-studentenportal/onderwijs/bachelor/bsc-maritieme-techniek/,1959.0,1.9589999999999872,5.0
https://www.tudelft.nl/studenten/faculteiten/bk-studentenportal/onderwijs/formulieren/,1959.0,1.9589999999999672,5.0
https://sportsandculture.tudelft.nl/nl/home,1958.0,1.9579999999999511,11.0
https://brightspace-support.tudelft.nl/enrolling-and-unenrolling-for-courses/,1951.0,1.950999999999979,7.0
https://www.tudelft.nl/tnw/over-faculteit/contact-en-bereikbaarheid/,1945.0,1.944999999999972,11.0
http://www.qn.tudelft.nl,1944.0,1.943999999999976,4.0
https://www.tudelft.nl/library/collecties/normen-statistieken-en-meer/,1942.0,1.9419999999999555,11.0
https://www.tudelft.nl/en/student/education/brightspace/,1940.0,1.939999999999969,9.0
https://www.tudelft.nl/bk/over-faculteit/afdelingen/management-in-the-built-environment/,1936.0,1.9359999999999966,4.0
https://www.tudelft.nl/studenten/faculteiten/citg-studentenportal/onderwijs/master/transport-infrastructure-logistics/programme-2019-2020/1-fundamentals/,1935.0,1.934999999999998,2.0
https://www.tudelft.nl/3me/actueel/informatie-coronavirus/,1933.0,1.932999999999998,2.0
https://www.tudelft.nl/tbm/TheHague/,1923.0,1.9229999999999796,3.0
https://iamap.tudelft.nl/en/poi/applied-physics-faculty-of-applied-physics-2/,1916.0,1.915999999999955,17.0
http://staff.tudelft.nl/en/R.B.J.Brinkgreve/,1915.0,1.9149999999999892,4.0
https://www.tudelft.nl/tbm/over-de-faculteit/afdelingen/engineering-systems-and-services/people/associate-professors/dr-j-jafar-rezaei/,1914.0,1.913999999999992,5.0
http://www.tnw.tudelft.nl,1910.0,1.9099999999999793,3.0
http://www.bk.tudelft.nl,1910.0,1.9099999999999953,2.0
https://www.tudelft.nl/en/student/faculties/a-be-student-portal/education/forms/,1910.0,1.9099999999999675,6.0
http://www.tbm.tudelft.nl/en/,1903.0,1.9029999999999767,6.0
https://www.tudelft.nl/en/architecture-and-the-built-environment/research/research-at-bk-bouwkunde/urbanism/,1901.0,1.9009999999999798,3.0
https://www.tudelft.nl/studenten/faculteiten/lr-studentenportal/onderwijs/master/,1900.0,1.8999999999999801,5.0
http://staff.tudelft.nl/V.J.Meyer/,1900.0,1.899999999999988,3.0
http://staff.tudelft.nl/en/P.Palensky/,1898.0,1.8979999999999961,3.0
http://www.tbm.tudelft.nl,1887.0,1.8869999999999785,6.0
https://www.tudelft.nl/en/education/programmes/exchange/,1886.0,1.8859999999999857,5.0
https://www.tudelft.nl/library/bezoek-gebruik/faciliteiten-studieplekken/printen-kopieren/,1885.0,1.8849999999999907,8.0
https://www.tudelft.nl/en/student/faculties/eemcs-student-portal/organisation/academic-counsellors/,1885.0,1.884999999999977,7.0
http://staff.tudelft.nl/en/W.Zhang-3,1883.0,1.882999999999988,4.0
https://www.tudelft.nl/staff/f.messali/,1882.0,1.881999999999989,4.0
https://www.tudelft.nl/en/faculty-of-applied-sciences/education/minors-and-electives/communication-design-for-innovation-cdi/,1881.0,1.8809999999999953,2.0
https://www.tudelft.nl/citg/onderwijs/minors/geo-resources-for-the-future/,1881.0,1.880999999999985,6.0
http://staff.tudelft.nl/en/W.Sun-1/,1874.0,1.8739999999999868,3.0
https://www.tudelft.nl/index.php?id=7011,1873.0,1.8729999999999956,2.0
http://www.citg.tudelft.nl,1869.0,1.8689999999999884,3.0
https://www.tudelft.nl/onderwijs/opleidingen/minor/minors-in-rotterdam-of-leiden-lde/,1862.0,1.8619999999999581,7.0
https://www.tudelft.nl/en/faculty-of-applied-sciences/about-faculty/departments/bionanoscience/,1860.0,1.859999999999993,2.0
https://www.tudelft.nl/sustainability/,1860.0,1.859999999999994,2.0
https://www.tudelft.nl/en/library/,1859.0,1.858999999999994,2.0
https://www.tudelft.nl/2020/tu-delft/coronavirus/huidige-maatregelen/onderwijs/,1855.0,1.854999999999967,12.0
https://www.tudelft.nl/en/education/programmes/masters/civil-engineering/msc-civil-engineering/msc-programme/masters-theses-civil-engineering-and-geosciences/masters-theses-transport-planning/,1854.0,1.8539999999999948,3.0
https://www.tudelft.nl/index.php?id=9057,1849.0,1.8489999999999946,2.0
http://graduateschool.tudelft.nl,1845.0,1.8449999999999904,4.0
https://www.tudelft.nl/over-tu-delft/contact-en-bereikbaarheid/plattegrond-en-gebouwen/gebouw-21/,1844.0,1.843999999999963,11.0
https://www.tudelft.nl/en/student/faculties/a-be-student-portal/education/master-of-science/master-of-science-programme-architecture-urbanism-building-sciences/graduating/,1844.0,1.8439999999999888,5.0
https://www.tudelft.nl/onderwijs/opleidingen/masters/ae/msc-aerospace-engineering/master-tracks/aerospace-structures-materials/,1841.0,1.840999999999993,3.0
https://www.tudelft.nl/staff/t.konstantinou/,1840.0,1.8399999999999859,3.0
https://online-learning.tudelft.nl/courses/delft-design-approach/,1840.0,1.8399999999999903,5.0
http://ictmanuals.tudelft.nl,1822.0,1.8219999999999912,2.0
https://www.tudelft.nl/en/about-tu-delft/strategy/integrity-policy/human-research-ethics/,1822.0,1.8219999999999537,4.0
https://www.tudelft.nl/en/student/faculties/eemcs-student-portal/education/graduation-msc/,1816.0,1.815999999999975,10.0
https://www.tudelft.nl/onderwijs/opleidingen/bachelors/tn/bsc-technische-natuurkunde/kom-langs/,1815.0,1.8149999999999715,5.0
https://www.tudelft.nl/index.php?id=7012,1814.0,1.8139999999999932,2.0
https://www.tudelft.nl/index.php?id=7659,1811.0,1.8109999999999922,2.0
https://www.tudelft.nl/onderwijs/praktische-zaken/,1810.0,1.80999999999996,4.0
https://www.tudelft.nl/staff/j.m.c.mol/,1810.0,1.8099999999999903,3.0
https://www.tudelft.nl/studenten/ict/ict-voorzieningen/laptopproject/welke-laptop-voor-jouw-studie/laptopadvies-bouwkunde/,1809.0,1.8089999999999717,6.0
http://homepage.tudelft.nl/99s1c/,1808.0,1.8079999999999516,5.0
https://www.tudelft.nl/buren/,1808.0,1.807999999999992,2.0
https://www.tudelft.nl/stories/articles/veerkrachtig-watermanagement-in-india/,1798.0,1.7979999999999916,2.0
https://www.tudelft.nl/en/technology-transfer/,1796.0,1.7959999999999914,2.0
https://www.tudelft.nl/en/student/faculties/eemcs-student-portal/,1793.0,1.7929999999999755,9.0
https://www.tudelft.nl/studenten/faculteiten/citg-studentenportal/onderwijs/master/transport-infrastructure-logistics/,1789.0,1.7889999999999915,2.0
https://www.tudelft.nl/studenten/faculteiten/lr-studentenportal/onderwijs/bachelor/,1782.0,1.7819999999999716,4.0
https://www.tudelft.nl/en/education/programmes/masters/sustainable-energy-technology/msc-sustainable-energy-technology/,1777.0,1.776999999999957,7.0
https://www.tudelft.nl/en/student/faculties/eemcs-student-portal/education/rules-regulations/,1777.0,1.776999999999975,8.0
https://www.tudelft.nl/onderwijs/opleidingen/masters/gm/msc-geomatics/,1770.0,1.769999999999964,5.0
https://www.tudelft.nl/staff/m.j.santofimianavarro/,1766.0,1.7659999999999878,3.0
https://www.tudelft.nl/onderwijs/opleidingen/masters/ae/msc-aerospace-engineering/master-tracks/space-flight/,1766.0,1.7659999999999898,3.0
https://www.tudelft.nl/onderwijs/opleidingen/masters/sc/msc-systems-control/programme/programme-in-detail/,1765.0,1.7649999999999892,3.0
https://www.tudelft.nl/onderwijs/opleidingen/masters/ce/msc-computer-engineering/programme/,1765.0,1.7649999999999617,6.0
https://www.tudelft.nl/onderwijs/opleidingen/masters/mot/msc-management-of-technology/programme/,1764.0,1.7639999999999891,3.0
https://www.tudelft.nl/onderwijs/opleidingen/masters/es/msc-embedded-systems/programme/,1757.0,1.7569999999999628,5.0
http://staff.tudelft.nl/en/M.A.M.M.vanderMeijden/,1755.0,1.7549999999999892,3.0
https://www.tudelft.nl/staff/j.sietsma/,1752.0,1.7519999999999885,3.0
https://www.tudelft.nl/en/education/programmes/post-academic-professionals/,1749.0,1.7489999999999624,8.0
https://www.tudelft.nl/?id=27147,1748.0,1.7479999999999876,2.0
https://www.tudelft.nl/en/faculty-of-applied-sciences/about-faculty/departments/imphys/people/florian-bociort/,1748.0,1.747999999999988,2.0
https://www.tudelft.nl/onderwijs/opleidingen/masters/epa/msc-engineering-and-policy-analysis/contact/,1747.0,1.7469999999999892,3.0
https://www.tudelft.nl/citg/over-de-faculteit/afdelingen/geoscience-remote-sensing/education/track-geoscience-and-remote-sensing/,1744.0,1.7439999999999882,2.0
https://www.tudelft.nl/studenten/faculteiten/ewi-studentenportal/onderwijs/schakelprogrammas/,1738.0,1.7379999999999765,7.0
https://www.tudelft.nl/library/over-the-library/tu-delft-library-presenteert/virtual-exhibition-redesign-death/,1737.0,1.7369999999999843,11.0
https://www.tudelft.nl/staff/j.dik/,1734.0,1.7339999999999884,3.0
https://www.tudelft.nl/en/student/faculties/eemcs-student-portal/education/graduation-msc/assessment/,1733.0,1.7329999999999757,8.0
https://www.tudelft.nl/en/student/faculties/eemcs-student-portal/education/graduation-msc/assessment/thesis-assessment/,1731.0,1.7309999999999788,7.0
https://www.tudelft.nl/onderwijs/opleidingen/masters/ae/msc-aerospace-engineering/master-tracks/space-flight/programme/space-engineering-profile/,1728.0,1.727999999999988,3.0
https://www.tudelft.nl/studenten/onderwijs/brightspace/,1726.0,1.725999999999962,7.0
https://www.tudelft.nl/library/collecties/wegwijs-in-de-collecties/,1725.0,1.7249999999999812,8.0
https://www.tudelft.nl/studenten/begeleiding/career-counselling-services/career-centre/,1716.0,1.715999999999984,3.0
http://www.3me.tudelft.nl/en/,1711.0,1.7109999999999872,2.0
https://www.tudelft.nl/index.php?id=23498,1708.0,1.7079999999999824,3.0
https://www.tudelft.nl/over-tu-delft/organisatie/universiteitsdienst/,1704.0,1.7039999999999857,3.0
https://www.tudelft.nl/tnw/?id=33083,1704.0,1.703999999999977,3.0
https://www.tudelft.nl/index.php?id=8111,1703.0,1.7029999999999843,4.0
https://www.tudelft.nl/onderwijs/opleidingen/masters/ae/msc-aerospace-engineering/master-tracks/aerodynamics-wind-energy/,1697.0,1.6969999999999876,3.0
https://www.tudelft.nl/index.php?id=17928,1696.0,1.695999999999986,2.0
http://masterevent.tudelft.nl,1692.0,1.6919999999999837,4.0
http://laptopproject.tudelft.nl,1690.0,1.6899999999999857,4.0
https://www.tudelft.nl/en/education/practical-matters/,1689.0,1.6889999999999634,4.0
https://www.tudelft.nl/studenten/onderwijs/welkom-nieuwe-student/welkom-op-de-tu-delft/,1689.0,1.6889999999999705,4.0
https://www.tudelft.nl/duwind/people/,1689.0,1.6889999999999654,5.0
http://www.rst.tudelft.nl,1687.0,1.686999999999986,2.0
https://www.tudelft.nl/staff/f.d.vanderhoeven/,1686.0,1.685999999999986,3.0
https://www.tudelft.nl/en/ceg/about-faculty/departments/transport-planning/staff/personal-pages/goverde-rmp/,1684.0,1.683999999999987,2.0
https://www.tudelft.nl/actueel/laatste-nieuws/,1684.0,1.6839999999999857,3.0
http://staff.tudelft.nl/G.Jongbloed/,1682.0,1.6819999999999873,2.0
https://www.tudelft.nl/en/student/faculties/ide/education/msc-graduation/deliverables/,1675.0,1.6749999999999607,5.0
https://www.tudelft.nl/staff/s.m.a.sedighi/,1675.0,1.6749999999999843,3.0
https://repository.tudelft.nl/content/education-upload-tips,1674.0,1.673999999999987,2.0
https://www.tudelft.nl/en/eemcs/the-faculty/departments/applied-mathematics/,1671.0,1.6709999999999863,2.0
http://www.alg.ewi.tudelft.nl/weerdt/,1670.0,1.669999999999985,2.0
https://www.tudelft.nl/3me/afdelingen/materials-science-and-engineering/research/corrosion-technology-and-electrochemistry/people/kleopatra-papamichou/,1669.0,1.6689999999999883,2.0
http://homepage.tudelft.nl/0p6y8/,1668.0,1.6679999999999855,2.0
http://books.bk.tudelft.nl/index.php/press/catalog/category/URB,1668.0,1.667999999999987,2.0
http://studenten.tudelft.nl/en/eemcs/international-office-internship-office/,1667.0,1.666999999999982,4.0
https://www.tudelft.nl/en/3me/departments/materials-science-and-engineering/research/corrosion-technology-and-electrochemistry/people/maxine-ankora/,1665.0,1.6649999999999878,2.0
http://www.citg.tudelft.nl/en/,1664.0,1.6639999999999813,3.0
http://adhok.bk.tudelft.nl/laptop/,1662.0,1.6619999999999648,7.0
http://staff.tudelft.nl/J.J.Cai,1662.0,1.6619999999999868,2.0
https://www.tudelft.nl/en/student/counselling/career-counselling-services/career-centre/,1661.0,1.6609999999999825,3.0
https://www.tudelft.nl/3me/afdelingen/maritime-and-transport-technology/people/ship-hydromechanics/,1659.0,1.6589999999999872,2.0
https://www.tudelft.nl/en/library/collections/tu-delft-patent-portfolio/,1659.0,1.6589999999999845,2.0
https://www.tudelft.nl/en/2017/tu-delft/discover-the-science-and-complexity-behind-railway-systems/,1658.0,1.657999999999963,7.0
https://www.tudelft.nl/en/eemcs/the-faculty/departments/electrical-sustainable-energy/intelligent-electrical-power-grids/,1658.0,1.6579999999999815,3.0
http://railahead.tudelft.nl/education/,1656.0,1.6559999999999744,5.0
http://me.msc.tudelft.nl,1650.0,1.6499999999999826,4.0
http://www.bt.tudelft.nl,1648.0,1.647999999999984,2.0
https://www.tudelft.nl/staff/e.mendes/?cHash=44c85b4b780d754fbc51c82c74104cf9,1637.0,1.6369999999999625,4.0
https://www.tudelft.nl/onderwijs/opleidingen/masters/ae/msc-aerospace-engineering/,1623.0,1.6229999999999845,3.0
http://www.st.ewi.tudelft.nl/mtjspaan/,1622.0,1.6219999999999681,4.0
https://www.tudelft.nl/onderwijs/toelating-en-aanmelding/exchange-students/1-requirements-documents/,1619.0,1.618999999999982,4.0
https://www.tudelft.nl/index.php?id=8209,1618.0,1.6179999999999812,4.0
https://www.tudelft.nl/onderwijs/voorlichting-en-ervaren/,1611.0,1.6109999999999833,3.0
https://www.tudelft.nl/onderwijs/opleidingen/masters/epa/msc-engineering-and-policy-analysis/finances/,1601.0,1.6009999999999809,5.0
http://www.ewi.tudelft.nl/en/,1591.0,1.5909999999999793,3.0
https://www.tudelft.nl/3me/over/afdelingen/maritime-and-transport-technology/people/ship-and-offshore-structures/t-keizer-msc/,1590.0,1.589999999999964,3.0
https://www.tudelft.nl/onderwijs/opleidingen/minor/,1577.0,1.5769999999999815,4.0
https://www.tudelft.nl/staff/l.o.voormeeren/,1574.0,1.573999999999964,4.0
http://studenten.tudelft.nl,1567.0,1.5669999999999815,5.0
http://staff.tudelft.nl/en/M.A.Hicks,1567.0,1.5669999999999635,4.0
https://www.tudelft.nl/onderwijs/opleidingen/masters/cosem/msc-complex-systems-engineering-and-management/finances/,1566.0,1.5659999999999834,5.0
https://www.tudelft.nl/en/education/programmes/masters/mechanical-engineering/msc-mechanical-engineering/track-overview/track-energy-process-technology/,1565.0,1.5649999999999658,5.0
https://www.tudelft.nl/onderwijs/opleidingen/bachelors/ee/bsc-electrical-engineering/,1564.0,1.5639999999999818,4.0
https://www.tudelft.nl/en/ewi/,1562.0,1.5619999999999794,3.0
https://www.tudelft.nl/en/faculty-of-applied-sciences/about-faculty/departments/chemical-engineering/research-themes/materials-and-polymers/,1549.0,1.548999999999966,3.0
https://www.tudelft.nl/studenten/faculteiten/bk-studentenportal/onderwijs/master-of-science/masteropleiding-architecture-urbanism-building-sciences/elective-design-projects/,1545.0,1.54499999999997,5.0
https://www.tudelft.nl/en/education/admission-and-application/bsc-international-diploma/1-admission-requirements/,1544.0,1.5439999999999807,4.0
https://www.tudelft.nl/onderwijs/opleidingen/minor/individueel-samengestelde-minor/,1540.0,1.5399999999999805,4.0
https://www.tudelft.nl/bk/studeren/minoren-en-keuzevakken/architecture-presentation-visions-reviewed/,1539.0,1.5389999999999764,6.0
https://sportsandculture.tudelft.nl/nl/bookings/view/new,1537.0,1.536999999999975,8.0
https://www.tudelft.nl/studenten/faculteiten/bk-studentenportal/onderwijs/intekening-en-svo/,1534.0,1.5339999999999716,6.0
https://www.tudelft.nl/studenten/ict/ict-voorzieningen/printen-scannen-en-kopieren/,1532.0,1.5319999999999812,3.0
https://www.tudelft.nl/en/tu-delft-student-portal/ict/help/vpn-openvpn/,1532.0,1.5319999999999814,3.0
https://www.tudelft.nl/en/student/faculties/a-be-student-portal/education/exchange/student-exchange/what-is-exchange/,1524.0,1.5239999999999707,6.0
https://databases.tudl.tudelft.nl/?t=az,1524.0,1.5239999999999647,9.0
https://www.tudelft.nl/en/about-tu-delft/working-at-tu-delft/jobs/,1519.0,1.518999999999983,4.0
https://www.tudelft.nl/en/staff/j.l.a.dubbeldam,1518.0,1.517999999999982,2.0
https://www.tudelft.nl/en/education/programmes/masters/?lookup%5B99822%5D%5Bfilter%5D%5B25%5D%5B88%5D=88,1518.0,1.5179999999999811,5.0
http://www.3me.tudelft.nl,1514.0,1.5139999999999814,2.0
https://www.tudelft.nl/onderwijs/praktische-zaken/scholarships/,1513.0,1.5129999999999808,3.0
http://tulib.tudelft.nl/publishing/copyright/,1512.0,1.5119999999999847,2.0
https://www.tudelft.nl/tbm/over-de-faculteit/afdelingen/values-technology-and-innovation/people/full-professors/profdr-mj-jeroen-van-den-hoven/,1510.0,1.5099999999999676,4.0
https://www.tudelft.nl/bk/studeren/beroepservaring/,1510.0,1.509999999999981,2.0
https://www.tudelft.nl/tbm/over-de-faculteit/afdelingen/values-technology-and-innovation/sections/ethicsphilosophy-of-technology/,1507.0,1.5069999999999824,2.0
https://www.tudelft.nl/tnw/,1507.0,1.5069999999999804,2.0
https://www.tudelft.nl/en/ide/about-ide/departments/sustainable-design-engineering/research-areas/design-for-sustainability/,1506.0,1.505999999999981,2.0
https://www.tudelft.nl/en/tpm/about-the-faculty/departments/multi-actor-systems/people/phd-candidates/ir-g-geertje-slingerland/,1505.0,1.504999999999983,2.0
https://www.tudelft.nl/en/education/programmes/masters/aerospace-engineering/msc-aerospace-engineering/,1505.0,1.5049999999999841,4.0
http://railahead.tudelft.nl/themes/all-publications/,1504.0,1.5039999999999834,2.0
https://www.tudelft.nl/en/education/admission-and-application/msc-international-diploma/1-admission-requirements/,1501.0,1.5009999999999812,4.0
https://www.tudelft.nl/tbm/denhaag/,1501.0,1.5009999999999815,2.0
https://www.tudelft.nl/index.php?id=49137,1500.0,1.4999999999999822,2.0
http://staff.tudelft.nl/en/E.Jafari/,1498.0,1.4979999999999651,3.0
https://www.tudelft.nl/tbm/onderwijs/bacheloropleiding/,1497.0,1.4969999999999695,14.0
https://www.tudelft.nl/d-dream/teams/project-march/,1496.0,1.4959999999999838,2.0
http://staff.tudelft.nl/A.A.J.F.vandenDobbelsteen/,1491.0,1.4909999999999655,3.0
http://staff.tudelft.nl/en/T.Bacchin/,1489.0,1.4889999999999641,3.0
https://www.tudelft.nl/en/student/faculties/ceg-student-portal/education/education-information/study-abroad/,1487.0,1.4869999999999837,2.0
https://www.tudelft.nl/en/staff/a.w.heemink,1485.0,1.4849999999999828,2.0
https://www.tudelft.nl/en/ide/about-ide/departments/sustainable-design-engineering/research-areas/design-for-sustainability/education/,1485.0,1.4849999999999817,2.0
http://www.cheme.tudelft.nl,1478.0,1.4779999999999829,2.0
https://www.tudelft.nl/en/faculty-of-applied-sciences/,1475.0,1.4749999999999823,2.0
https://www.tudelft.nl/bk/studeren/minoren-en-keuzevakken/cities-migration-socio-spatial-inequality/,1474.0,1.4739999999999767,5.0
https://online-learning.tudelft.nl/courses/sustainable-urban-freight-transport-a-global-perspective/,1473.0,1.4729999999999661,5.0
https://www.tudelft.nl/en/x/about-x/yearly-overview/,1471.0,1.4709999999999686,11.0
https://www.tudelft.nl/lr/organisatie/afdelingen/aerodynamics-wind-energy-flight-performance-and-propulsion/wind-energy/,1470.0,1.4699999999999827,2.0
http://staff.tudelft.nl/en/M.G.Elsinga/,1466.0,1.4659999999999673,3.0
http://www.ewi.tudelft.nl/epp,1458.0,1.4579999999999795,4.0
https://www.tudelft.nl/studenten/faculteiten/bk-studentenportal/organisatie/studieadviseurs/,1451.0,1.450999999999972,6.0
https://www.tudelft.nl/en/education/programmes/minor/,1446.0,1.4459999999999789,5.0
https://www.tudelft.nl/tu-delft-studentenportal/ict/help/m/,1439.0,1.438999999999967,5.0
https://www.tudelft.nl/en/education/practical-matters/scholarships/sub-saharan-africa-excellence-scholarships/,1439.0,1.4389999999999803,4.0
https://www.tudelft.nl/onderwijs/opleidingen/masters/?lookup%5B93512%5D%5Bfilter%5D%5B22%5D%5B%5D=Type%2FMasterthema%27s%2FArchitectuur+%7C+Gebouwde+Omgeving+%7C+Bouwen,1436.0,1.4359999999999782,4.0
https://www.tudelft.nl/en/x/whats-on-offer/events/,1435.0,1.4349999999999683,9.0
https://www.tudelft.nl/en/about-tu-delft/strategy/strategy-documents-tu-delft/integrity-policy/,1428.0,1.4279999999999813,4.0
https://www.tudelft.nl/en/student/faculties/a-be-student-portal/education/master-of-science/master-of-science-programme-architecture-urbanism-building-sciences/graduating/admission-requirements-p2-and-p4/,1428.0,1.4279999999999768,4.0
https://www.tudelft.nl/en/education/practical-matters/scholarships/,1424.0,1.4239999999999828,4.0
https://www.tudelft.nl/studenten/onderwijs/vakken-en-tentamens/tentamens/aanmelden-voor-tentamens/,1424.0,1.4239999999999668,5.0
https://www.tudelft.nl/en/faculty-of-applied-sciences/about-faculty/departments/quantum-nanoscience/,1423.0,1.4229999999999785,3.0
https://www.tudelft.nl/onderwijs/opleidingen/masters/?lookup%5B93512%5D%5Bfilter%5D%5B22%5D%5B%5D=Type%2FMasterthema%27s%2FInformatietechniek+%7C+Informatica,1423.0,1.4229999999999787,4.0
https://www.tudelft.nl/en/2020/x/corona-virus-update-x-will-be-closed-immediately/,1413.0,1.4129999999999696,7.0
https://www.tudelft.nl/over-tu-delft/contact-en-bereikbaarheid/plattegrond-en-gebouwen/gebouw-23/,1411.0,1.41099999999997,10.0
https://www.tudelft.nl/en/student/faculties/a-be-student-portal/education/forms/conversion-of-credits-and-marks/,1410.0,1.4099999999999733,5.0
https://www.tudelft.nl/onderwijs/opleidingen/masters/?lookup%5B93512%5D%5Bfilter%5D%5B22%5D%5B%5D=Type%2FMasterthema%27s%2FTransport%2C+Infrastructuur+en+Logistiek,1404.0,1.4039999999999788,4.0
https://www.tudelft.nl/en/architecture-and-the-built-environment/research/research-at-bk-bouwkunde/urbanism/delta-urbanism/,1379.0,1.3789999999999778,4.0
https://www.tudelft.nl/bk/over-faculteit/hoogleraren/profdrir-mg-elsinga/,1379.0,1.3789999999999782,4.0
https://www.tudelft.nl/onderwijs/opleidingen/masters/?lookup%5B93512%5D%5Bfilter%5D%5B22%5D%5B%5D=Type%2FMasterthema%27s%2FChemische+%7C+Biochemische+%7C+Procestechnologie,1378.0,1.377999999999979,4.0
https://www.tudelft.nl/2020/tnw/de-kracht-van-collageen/,1373.0,1.3729999999999802,4.0
https://www.tudelft.nl/en/student/faculties/a-be-student-portal/education/academic-graduation-calendar/,1371.0,1.3709999999999742,4.0
http://visit.tudelft.nl,1370.0,1.3699999999999821,4.0
https://www.tudelft.nl/2020/tu-delft/coronavirus/huidige-maatregelen/thuiswerken/,1366.0,1.3659999999999817,3.0
https://www.tudelft.nl/staff/e.jafari/,1364.0,1.3639999999999735,3.0
https://www.tudelft.nl/en/student/ict/software/,1364.0,1.3639999999999826,2.0
https://www.tudelft.nl/x/verhuur-catering/meetings-evenementen/,1354.0,1.353999999999976,8.0
https://www.tudelft.nl/en/architecture-and-the-built-environment/research/graduate-school-a-be/phd-projects/architectural-project-and-its-foundations/,1349.0,1.348999999999974,4.0
https://www.tudelft.nl/en/2020/tu-delft/coronavirus/current-measures/working-from-home/,1349.0,1.3489999999999804,4.0
https://www.tudelft.nl/tnw/over-faculteit/afdelingen/chemical-engineering/about-the-department/mecs/people/,1348.0,1.347999999999982,4.0
https://www.tudelft.nl/mobility/meedoen/thuiswerken/weblogin/,1346.0,1.3459999999999814,2.0
https://www.tudelft.nl/en/architecture-and-the-built-environment/research/graduate-school-a-be/phd-projects/design-history/,1341.0,1.3409999999999782,4.0
https://online-learning.tudelft.nl/courses/mind-of-the-universe-robots-in-society-blessing-or-curse/,1339.0,1.3389999999999722,5.0
https://osistud.tudelft.nl/osiris_student/StartPagina.do,1339.0,1.3389999999999846,2.0
https://online-learning.tudelft.nl/courses/citizens-co-creating-sustainable-cities/,1334.0,1.3339999999999737,6.0
https://online-learning.tudelft.nl/courses/communicating-effectively-how-to-inspire-and-convince/,1331.0,1.3309999999999729,5.0
https://www.tudelft.nl/en/student/faculties/3me-student-portal/education/related/internships/,1329.0,1.328999999999981,2.0
https://www.tudelft.nl/studenten/faculteiten/3me-studentenportal/onderwijs/gerelateerd/internships/,1326.0,1.3259999999999807,2.0
https://www.tudelft.nl/en/library/using-the-library/facilities-study-places/off-campus-access/access-via-vpn/,1324.0,1.323999999999983,2.0
https://www.tudelft.nl/tbm/,1321.0,1.3209999999999786,6.0
https://www.tudelft.nl/en/tnw/cheme/,1320.0,1.3199999999999832,2.0
https://online-learning.tudelft.nl/courses/solar-energy-pv-systems/,1318.0,1.3179999999999743,4.0
https://www.tudelft.nl/library/bezoek-gebruik/openingstijden-locaties/tresor/,1315.0,1.314999999999978,11.0
https://online-learning.tudelft.nl/courses/design-leadership-and-innovation/,1302.0,1.3019999999999756,5.0
https://online-learning.tudelft.nl/courses/solar-energy-pv-technologies/,1291.0,1.2909999999999757,5.0
https://online-learning.tudelft.nl/courses/responsible-innovation-building-tomorrows-responsible-firms/,1291.0,1.2909999999999775,5.0
https://online-learning.tudelft.nl/courses/cyber-security-economics/,1290.0,1.2899999999999772,5.0
https://online-learning.tudelft.nl/courses/influencing-stakeholders-dealing-with-power-and-dynamics-in-teams-and-networks/,1287.0,1.286999999999977,5.0
https://online-learning.tudelft.nl/courses/responsible-innovation/,1283.0,1.2829999999999768,5.0
https://online-learning.tudelft.nl/courses/entrepreneurship-for-engineers/,1282.0,1.2819999999999752,5.0
https://www.tudelft.nl/en/x/whats-on-offer/overview-a-z/boating-licence/,1278.0,1.2779999999999774,7.0
https://online-learning.tudelft.nl/courses/entrepreneurship-for-global-challenges-in-emerging-markets/,1276.0,1.2759999999999772,5.0
https://online-learning.tudelft.nl/courses/creative-problem-solving-and-decision-making/,1275.0,1.2749999999999773,4.0
https://www.tudelft.nl/library/over-the-library/tu-delft-library-presenteert/drawing-rooms/,1275.0,1.274999999999979,10.0
https://www.tudelft.nl/citg/over-faculteit/afdelingen/geoscience-engineering/sections/geo-engineering/education/bachelor/,1273.0,1.272999999999981,5.0
https://www.tudelft.nl/io/,1273.0,1.2729999999999804,5.0
https://www.tudelft.nl/en/tpm/,1264.0,1.2639999999999822,5.0
https://www.tudelft.nl/tbm/over-de-faculteit/afdelingen/engineering-systems-and-services/people/associate-professors/dr-tc-tina-comes/,1263.0,1.2629999999999793,5.0
https://online-learning.tudelft.nl/courses/open-government/,1255.0,1.2549999999999781,5.0
https://online-learning.tudelft.nl/courses/introduction-aeronautical-engineering/,1252.0,1.2519999999999774,5.0
http://homepage.tudelft.nl/z63s8/,1249.0,1.2489999999999781,5.0
https://online-learning.tudelft.nl/courses/the-building-blocks-of-a-quantum-computer/,1248.0,1.2479999999999778,4.0
https://online-learning.tudelft.nl/courses/nature-based-metropolitan-solutions/,1248.0,1.2479999999999793,5.0
https://online-learning.tudelft.nl/courses/sustainable-urban-development-discover-advanced-metropolitan-solutions/,1247.0,1.2469999999999797,5.0
https://online-learning.tudelft.nl/courses/sustainable-packaging-in-a-circular-economy/,1244.0,1.2439999999999813,5.0
https://online-learning.tudelft.nl/courses/project-finance-funding-projects-successfully/,1238.0,1.23799999999998,5.0
https://www.tudelft.nl/library/collecties/4-tu-centre-for-research-data/,1237.0,1.2369999999999788,11.0
https://online-learning.tudelft.nl/courses/pre-university-calculus/,1236.0,1.2359999999999798,5.0
https://www.tudelft.nl/ewi/over-de-faculteit/afdelingen/intelligent-systems/pattern-recognition-bioinformatics/pattern-recognition-laboratory/people/marco-loog/,1232.0,1.2319999999999836,2.0
https://www.tudelft.nl/tbm/over-de-faculteit/afdelingen/engineering-systems-and-services/people/assistant-professors/dr-mr-n-niek-mouter-msc/,1229.0,1.2289999999999819,5.0
https://online-learning.tudelft.nl/courses/circular-economy-design-and-technology/,1229.0,1.228999999999981,5.0
https://online-learning.tudelft.nl/courses/managing-building-adaptation-sustainable-approach/,1228.0,1.2279999999999809,5.0
https://online-learning.tudelft.nl/courses/open-science-sharing-your-research-with-the-world/,1228.0,1.227999999999981,5.0
https://online-learning.tudelft.nl/courses/image-ability-visualizing-the-unimaginable/,1228.0,1.2279999999999804,4.0
https://online-learning.tudelft.nl/courses/urban-design-for-the-public-good-dutch-urbanism/,1227.0,1.2269999999999823,5.0
https://www.tudelft.nl/en/tpm/about-the-faculty/departments/engineering-systems-and-services/,1226.0,1.2259999999999802,5.0
https://online-learning.tudelft.nl/courses/design-practice-in-business/,1225.0,1.2249999999999812,4.0
https://online-learning.tudelft.nl/courses/adaptive-planning-for-infrastructure-and-water-management/,1221.0,1.220999999999981,5.0
https://www.tudelft.nl/en/osiris/,1214.0,1.213999999999986,2.0
https://online-learning.tudelft.nl/courses/the-next-generation-of-infrastructure/,1211.0,1.2109999999999819,4.0
https://online-learning.tudelft.nl/courses/design-in-healthcare-using-patient-journey-mapping/,1208.0,1.207999999999981,5.0
https://e-service.tudelft.nl,1207.0,1.2069999999999852,3.0
https://online-learning.tudelft.nl/courses/geoscience-the-earth-and-its-resources/,1205.0,1.2049999999999825,4.0
https://www.tudelft.nl/ewi/over-de-faculteit/afdelingen/intelligent-systems/pattern-recognition-bioinformatics/pattern-recognition-laboratory/people/marcel-reinders/,1203.0,1.2029999999999859,2.0
https://online-learning.tudelft.nl/courses/healthy-ageing-in-6-steps/,1203.0,1.2029999999999825,4.0
https://online-learning.tudelft.nl/courses/rethink-the-city-new-approaches-to-global-and-local-urban-challenge/,1201.0,1.200999999999982,4.0
https://online-learning.tudelft.nl/courses/zero-energy-design-an-approach-to-make-your-building-sustainable/,1198.0,1.1979999999999824,5.0
https://online-learning.tudelft.nl/courses/electric-cars-introduction/,1194.0,1.1939999999999824,5.0
http://osistud.tudelft.nl,1193.0,1.1929999999999858,2.0
https://www.tudelft.nl/ewi/over-de-faculteit/afdelingen/intelligent-systems/pattern-recognition-bioinformatics/pattern-recognition-laboratory/people/bob-duin/,1192.0,1.1919999999999864,2.0
https://online-learning.tudelft.nl/courses/models-in-architecture-design-through-physical-and-digital-models/,1189.0,1.188999999999983,5.0
https://www.tudelft.nl/osiris/,1188.0,1.187999999999988,2.0
https://www.tudelft.nl/bk/studeren/minoren-en-keuzevakken/house-of-the-future/,1185.0,1.1849999999999836,6.0
https://www.tudelft.nl/ewi/over-de-faculteit/afdelingen/intelligent-systems/pattern-recognition-bioinformatics/pattern-recognition-laboratory/people/david-tax/,1185.0,1.184999999999987,2.0
https://online-learning.tudelft.nl/courses/inclusive-energy-systems-exploring-sustainable-energy-for-all/,1181.0,1.1809999999999832,4.0
https://online-learning.tudelft.nl/courses/electric-cars-technology/,1176.0,1.1759999999999844,5.0
https://www.tudelft.nl/bk/studeren/minoren-en-keuzevakken/archineering/,1167.0,1.1669999999999885,2.0
https://online-learning.tudelft.nl/courses/professional-ethics-for-engineers/,1166.0,1.1659999999999862,5.0
https://www.tudelft.nl/library/bezoek-gebruik/faciliteiten-studieplekken/toegang-buiten-de-campus/overal-toegang-met-library-access/,1166.0,1.1659999999999842,8.0
https://www.tudelft.nl/404/,1142.0,1.141999999999987,3.0
https://www.tudelft.nl/en/eemcs/,1138.0,1.13799999999999,2.0
https://www.tudelft.nl/library/bezoek-gebruik/faciliteiten-studieplekken/toegang-buiten-de-campus/toegang-via-vpn/,1132.0,1.1319999999999881,10.0
https://www.tudelft.nl/en/student/administration/,1129.0,1.1289999999999896,2.0
https://www.tudelft.nl/library/zoeken/,1121.0,1.1209999999999896,9.0
https://www.tudelft.nl/en/2019/ewi/dutch-japanese-astronomical-instrument-measures-49-shades-of-far-infrared/,1119.0,1.118999999999991,2.0
https://www.tudelft.nl/onderwijs/opleidingen/masters/,1119.0,1.1189999999999896,3.0
https://www.tudelft.nl/library/bezoek-gebruik/faciliteiten-studieplekken/toegang-buiten-de-campus/,1111.0,1.110999999999989,9.0
https://www.tudelft.nl/en/eemcs/the-faculty/departments/electrical-sustainable-energy/,1108.0,1.1079999999999914,2.0
https://www.tudelft.nl/onderwijs/opleidingen/masters/ee/msc-electrical-engineering/,1102.0,1.1019999999999903,3.0
https://online-learning.tudelft.nl/courses/automated-software-testing-advanced-skills-for-java-developers/,1101.0,1.1009999999999909,3.0
https://www.tudelft.nl/en/eemcs/the-faculty/departments/electrical-sustainable-energy/intelligent-electrical-power-grids-iepg-group/projects/current-projects/fault-anticipation/,1101.0,1.100999999999992,2.0
https://www.tudelft.nl/studenten/,1100.0,1.09999999999999,5.0
https://www.tudelft.nl/2020/tu-delft/de-magneet-die-niet-bestond/,1098.0,1.0979999999999916,3.0
https://www.tudelft.nl/onderwijs/voorlichting-en-ervaren/master-event/,1095.0,1.0949999999999913,3.0
https://www.tudelft.nl/en/eemcs/the-faculty/departments/electrical-sustainable-energy/intelligent-electrical-power-grids-iepg-group/projects/current-projects/digital-replica/,1094.0,1.0939999999999923,2.0
https://www.tudelft.nl/en/eemcs/the-faculty/departments/electrical-sustainable-energy/intelligent-electrical-power-grids-iepg-group/,1091.0,1.0909999999999926,2.0
https://www.tudelft.nl/en/student/counselling/managing-your-career/,1088.0,1.0879999999999925,2.0
https://www.tudelft.nl/en/student/education/courses-and-examinations/courses/,1088.0,1.0879999999999923,2.0
https://www.tudelft.nl/en/eemcs/the-faculty/departments/electrical-sustainable-energy/intelligent-electrical-power-grids-iepg-group/projects/current-projects/multi-energy-systems/,1084.0,1.0839999999999923,2.0
https://www.tudelft.nl/2020/tu-delft/coronavirus/,1080.0,1.0799999999999925,3.0
https://www.tudelft.nl/en/student/,1078.0,1.0779999999999927,2.0
https://www.tudelft.nl/onderwijs/opleidingen/bachelors/ee/bsc-electrical-engineering/verplichte-skc/,1077.0,1.0769999999999929,3.0
https://www.tudelft.nl/onderwijs/opleidingen/bachelors/ct/bsc-civiele-techniek/studentenervaringen/,1076.0,1.0759999999999936,3.0
https://www.tudelft.nl/onderwijs/opleidingen/bachelors/io/bsc-industrieel-ontwerpen/,1075.0,1.0749999999999933,3.0
https://www.tudelft.nl/citg/over-faculteit/afdelingen/engineering-structures/sections-labs/railway-engineering/professional-education/,1075.0,1.0749999999999933,2.0
https://www.tudelft.nl/studenten/ict/ict-voorzieningen/laptopproject/,1075.0,1.0749999999999924,5.0
https://www.tudelft.nl/onderwijs/opleidingen/masters/me/msc-mechanical-engineering/,1075.0,1.0749999999999929,3.0
https://online-learning.tudelft.nl/courses/automated-software-testing-practical-skills-for-java-developers/,1074.0,1.0739999999999932,3.0
https://www.tudelft.nl/2020/tnw/onderzoekers-maken-zonnecellen-met-behulp-van-enzymen-uit-papajas/,1074.0,1.0739999999999936,3.0
https://www.tudelft.nl/onderwijs/opleidingen/masters/aubs/msc-architecture-urbanism-and-building-sciences/master-tracks/,1073.0,1.072999999999994,3.0
https://www.tudelft.nl/studenten/rechtspositie/klacht-bezwaar-en-beroep/ombudsman-voor-studenten/,1071.0,1.0709999999999933,5.0
https://www.tudelft.nl/2020/tu-delft/masterstudenten-tu-delft-starten-initiatief-om-beademingsapparatuur-te-ontwikkelen/,1070.0,1.069999999999993,3.0
https://www.tudelft.nl/onderwijs/toelating-en-aanmelding/exchange-students/requirements/,1069.0,1.068999999999994,3.0
https://www.tudelft.nl/en/student/ict/help/vpn-openvpn/,1067.0,1.0669999999999942,2.0
https://www.tudelft.nl/en/staff/h.a.terryn,1066.0,1.0659999999999936,3.0
https://www.tudelft.nl/en/ceg/,1066.0,1.0659999999999943,2.0
https://www.tudelft.nl/onderwijs/opleidingen/bachelors/tb/bsc-technische-bestuurskunde/carrieremogelijkheden/waar-tbers-werken/,1066.0,1.0659999999999936,3.0
https://www.tudelft.nl/onderwijs/praktische-zaken/huisvesting-op-kamers/,1066.0,1.065999999999994,3.0
https://www.tudelft.nl/onderwijs/opleidingen/bachelors/ae/bsc-aerospace-engineering/,1065.0,1.064999999999994,3.0
https://www.tudelft.nl/onderwijs/opleidingen/masters/es/msc-embedded-systems/,1064.0,1.063999999999994,3.0
https://www.tudelft.nl/en/student/404/,1064.0,1.0639999999999943,2.0
https://www.tudelft.nl/2020/tu-delft/klimaatarboretum-tu-delft/,1063.0,1.062999999999994,3.0
https://www.tudelft.nl/studenten/ict/software/,1062.0,1.061999999999994,5.0
https://www.tudelft.nl/onderwijs/opleidingen/masters/aubs/msc-architecture-urbanism-and-building-sciences/admission-and-application/,1061.0,1.0609999999999944,3.0
https://www.tudelft.nl/onderwijs/praktische-zaken/collegegeld-en-financien/,1061.0,1.0609999999999946,3.0
https://www.tudelft.nl/onderwijs/opleidingen/masters/cs/msc-computer-science/,1061.0,1.0609999999999944,3.0
https://www.tudelft.nl/en/404/,1060.0,1.0599999999999945,4.0
https://www.tudelft.nl/studenten/ict/ict-voorzieningen/e-mail/gebruik-mail-en-mailbox/mailbeheer/,1060.0,1.0599999999999943,5.0
https://www.tudelft.nl/onderwijs/toelating-en-aanmelding/msc-nederlands-diploma/2-aanmelding-inschrijving-deadlines/,1059.0,1.0589999999999946,3.0
https://www.tudelft.nl/onderwijs/opleidingen/phd/finding-a-position/,1059.0,1.0589999999999942,3.0
https://www.tudelft.nl/studenten/rechtspositie/klacht-bezwaar-en-beroep/een-klacht-indienen/,1059.0,1.0589999999999948,4.0
https://www.tudelft.nl/studenten/administratie/regeling-afstudeersteun-studenten/,1059.0,1.0589999999999944,5.0
https://www.tudelft.nl/onderwijs/toelating-en-aanmelding/,1059.0,1.0589999999999946,3.0
https://www.tudelft.nl/citg/,1058.0,1.057999999999995,2.0
https://www.tudelft.nl/ewi/studeren/masteropleidingen/hbo-instroom/,1058.0,1.0579999999999952,2.0
https://www.tudelft.nl/evenementen/2020/bk/promotie-paula-van-den-brom-energie-in-woningen/,1058.0,1.0579999999999945,3.0
http://staff.tudelft.nl/en/J.A.LaPoutre/,1058.0,1.0579999999999947,3.0
https://www.tudelft.nl/2020/tnw/zigzag-dna/,1058.0,1.0579999999999945,3.0
https://www.tudelft.nl/onderwijs/opleidingen/masters/ae/msc-aerospace-engineering/master-tracks/,1058.0,1.0579999999999947,3.0
https://www.tudelft.nl/onderwijs/opleidingen/bachelors/kt/bsc-klinische-technologie/,1058.0,1.0579999999999945,3.0
https://www.tudelft.nl/onderwijs/voorlichting-en-ervaren/onlineproefstuderen/civiele-techniek/,1057.0,1.0569999999999948,3.0
https://www.tudelft.nl/en/2020/tu-delft/coronavirus/,1057.0,1.0569999999999946,4.0
https://www.tudelft.nl/onderwijs/opleidingen/masters/aes/msc-applied-earth-sciences/msc-programme/track-applied-geophysics/,1057.0,1.056999999999995,3.0
http://staff.tudelft.nl/en/R.Bhandia/,1056.0,1.0559999999999947,3.0
https://www.tudelft.nl/studenten/ict/ict-voorzieningen/e-mail/gebruik-mail-en-mailbox/mail-ontvangen/,1056.0,1.0559999999999945,4.0
https://www.tudelft.nl/onderwijs/opleidingen/masters/ae/msc-aerospace-engineering/frequently-asked-questions/,1056.0,1.0559999999999954,3.0
https://www.tudelft.nl/onderwijs/toelating-en-aanmelding/minors/,1056.0,1.0559999999999947,3.0
https://www.tudelft.nl/onderwijs/opleidingen/masters/cosem/msc-complex-systems-engineering-and-management/,1056.0,1.0559999999999945,3.0
https://www.tudelft.nl/onderwijs/opleidingen/masters/aes/msc-applied-earth-sciences/msc-programme/track-applied-geophysics/admission-application-finance/,1055.0,1.0549999999999948,3.0
https://www.tudelft.nl/en/education/programmes/masters/,1054.0,1.0539999999999947,4.0
https://www.tudelft.nl/onderwijs/praktische-zaken/stad-delft/,1054.0,1.0539999999999954,3.0
https://www.tudelft.nl/studenten/rechtspositie/reglementen-studentenstatuut-oer-etc/momi-study-progress-monitoring/,1054.0,1.0539999999999952,3.0
https://www.tudelft.nl/studenten/ict/ict-voorzieningen/online-ict-diensten/,1054.0,1.0539999999999952,4.0
https://www.tudelft.nl/onderwijs/praktische-zaken/topsport-en-studie/,1054.0,1.053999999999995,3.0
https://www.tudelft.nl/onderwijs/opleidingen/masters/ce/msc-civil-engineering/msc-programme/track-structural-engineering/,1054.0,1.0539999999999956,3.0
https://www.tudelft.nl/onderwijs/opleidingen/phd/,1053.0,1.0529999999999953,3.0
https://www.tudelft.nl/en/eemcs/current/information-coronavirus/information-for-working-from-home/,1053.0,1.0529999999999957,2.0
https://www.tudelft.nl/onderwijs/voorlichting-en-ervaren/bsc-campustours/,1053.0,1.0529999999999953,3.0
https://www.tudelft.nl/onderwijs/voorlichting-en-ervaren/onlineproefstuderen/,1053.0,1.0529999999999953,3.0
https://www.tudelft.nl/onderwijs/opleidingen/bachelors/tn/bsc-technische-natuurkunde/,1052.0,1.051999999999995,3.0
https://www.tudelft.nl/onderwijs/opleidingen/bachelors/bk/bsc-bouwkunde/,1052.0,1.051999999999995,3.0
https://www.tudelft.nl/onderwijs/toelating-en-aanmelding/minors/aanmeldprocedure-en-deadlines-tu-delft-studenten/,1051.0,1.0509999999999955,3.0
https://www.tudelft.nl/studenten/ict/help/skype-for-business/,1051.0,1.0509999999999953,5.0
https://www.tudelft.nl/onderwijs/opleidingen/bachelors/tn/bsc-technische-natuurkunde/aansluitende-masteropleidingen/,1051.0,1.0509999999999955,3.0
https://www.tudelft.nl/onderwijs/opleidingen/,1051.0,1.0509999999999953,3.0
https://www.tudelft.nl/onderwijs/opleidingen/bachelors/tn/bsc-technische-natuurkunde/onderwijsprogramma/,1051.0,1.0509999999999957,3.0
https://www.tudelft.nl/onderwijs/toelating-en-aanmelding/msc-nederlands-diploma/1-toelatingseisen/,1050.0,1.0499999999999954,3.0
https://www.tudelft.nl/en/student/ict/ict-facilities/e-mail/,1050.0,1.0499999999999956,2.0
https://www.tudelft.nl/2020/bk/verduurzamen-aan-de-hand-van-harde-data/,1050.0,1.0499999999999952,3.0
https://www.tudelft.nl/staff/m.janssen/,1050.0,1.0499999999999954,3.0
https://www.tudelft.nl/ewi/,1050.0,1.0499999999999954,2.0
https://www.tudelft.nl/tu-delft-studentenportal/ict/help/online-ict-diensten/,1050.0,1.0499999999999956,4.0
https://www.tudelft.nl/onderwijs/opleidingen/masters/bme/msc-biomedical-engineering/msc-programme/,1050.0,1.0499999999999952,3.0
https://www.tudelft.nl/en/education/admission-and-application/bsc-international-diploma/admission-requirements/,1049.0,1.048999999999996,4.0
https://www.tudelft.nl/onderwijs/opleidingen/masters/mot/msc-management-of-technology/,1049.0,1.048999999999996,3.0
https://www.tudelft.nl/studenten/begeleiding/studeren-met-een-functiebeperking/ondersteuning/study-buddy-project/,1049.0,1.048999999999996,5.0
https://www.tudelft.nl/en/education/practical-matters/tuition-fee-finances/,1049.0,1.0489999999999955,4.0
https://www.tudelft.nl/ewi/studeren/minoren/electrical-sustainable-energy-systems/,1049.0,1.0489999999999957,2.0
https://www.tudelft.nl/onderwijs/opleidingen/masters/sc/msc-systems-control/programme/,1049.0,1.0489999999999955,3.0
https://www.tudelft.nl/onderwijs/voorlichting-en-ervaren/onlineproefstuderen/technische-natuurkunde/,1049.0,1.0489999999999957,3.0
https://www.tudelft.nl/onderwijs/opleidingen/masters/aubs/msc-architecture-urbanism-and-building-sciences/master-tracks/urbanism/programme/graduation/,1048.0,1.0479999999999954,3.0
https://www.tudelft.nl/citg/over-faculteit/afdelingen/watermanagement/research/urban-water-systems/,1048.0,1.0479999999999956,2.0
https://www.tudelft.nl/onderwijs/opleidingen/bachelors/tb/bsc-technische-bestuurskunde/carrieremogelijkheden/,1048.0,1.0479999999999956,3.0
https://www.tudelft.nl/onderwijs/opleidingen/masters/aubs/msc-architecture-urbanism-and-building-sciences/admission-and-application/non-dutch-bsc-degree/,1048.0,1.0479999999999956,3.0
https://www.tudelft.nl/ewi/studeren/masteropleidingen/,1048.0,1.047999999999996,2.0
https://www.tudelft.nl/onderwijs/opleidingen/bachelors/bk/bsc-bouwkunde/onderwijsprogramma/,1048.0,1.0479999999999956,3.0
https://www.tudelft.nl/studenten/administratie/uitschrijven/,1048.0,1.0479999999999956,3.0
https://www.tudelft.nl/studenten/ict/ict-voorzieningen/laptopproject/welke-laptop-voor-jouw-studie/laptopadvies-civiele-techniek-geowetenschappen/,1047.0,1.046999999999996,5.0
https://www.tudelft.nl/onderwijs/opleidingen/minor/thematisch-minor-aanbod/,1047.0,1.0469999999999957,3.0
https://www.tudelft.nl/studenten/begeleiding/awareness-self-management/,1047.0,1.0469999999999955,4.0
https://www.tudelft.nl/onderwijs/opleidingen/bachelors/ct/bsc-civiele-techniek/,1047.0,1.0469999999999955,3.0
https://www.tudelft.nl/ewi/actueel/informatie-coronavirus/thuiswerken/,1047.0,1.0469999999999957,2.0
https://www.tudelft.nl/onderwijs/opleidingen/masters/aubs/msc-architecture-urbanism-and-building-sciences/,1047.0,1.0469999999999957,3.0
https://www.tudelft.nl/onderwijs/opleidingen/masters/sc/msc-systems-control/,1047.0,1.0469999999999962,3.0
http://staff.tudelft.nl/en/E.Schwencke-Karlas/,1047.0,1.0469999999999957,3.0
http://staff.tudelft.nl/en/N.Farrokhseresht,1046.0,1.0459999999999963,3.0
https://www.tudelft.nl/onderwijs/toelating-en-aanmelding/exchange-students/,1046.0,1.0459999999999958,3.0
https://www.tudelft.nl/studenten/rechtspositie/klacht-bezwaar-en-beroep/,1046.0,1.0459999999999958,5.0
https://www.tudelft.nl/en/student/legal-position/education-regulations/momi-study-progress-monitoring/,1046.0,1.0459999999999958,2.0
http://staff.tudelft.nl/en/Arun.Joseph,1046.0,1.0459999999999958,3.0
https://www.tudelft.nl/onderwijs/opleidingen/masters/bme/msc-biomedical-engineering/msc-programme/track-iii-medical-physics/,1045.0,1.044999999999996,3.0
https://www.tudelft.nl/studenten/administratie/inschrijven/bewijs-van-inschrijving/campuscard/,1045.0,1.0449999999999957,4.0
https://www.tudelft.nl/onderwijs/opleidingen/bachelors/aes/bsc-applied-earth-sciences/,1045.0,1.0449999999999957,3.0
https://www.tudelft.nl/studenten/ict/ict-voorzieningen/wachtwoord/,1045.0,1.0449999999999957,4.0
https://www.tudelft.nl/onderwijs/voorlichting-en-ervaren/bsc-open-dagen/,1045.0,1.0449999999999957,3.0
https://www.tudelft.nl/en/student/ict/ict-facilities/online-ict-services/,1045.0,1.0449999999999957,2.0
https://www.tudelft.nl/onderwijs/opleidingen/bachelors/mst/bsc-molecular-science-technology/onderwijsprogramma/,1044.0,1.043999999999996,3.0
http://staff.tudelft.nl/F.D.vanderHoeven/,1044.0,1.0439999999999958,3.0
https://www.tudelft.nl/onderwijs/opleidingen/bachelors/tb/bsc-technische-bestuurskunde/,1044.0,1.0439999999999965,3.0
https://www.tudelft.nl/onderwijs/opleidingen/masters/aubs/msc-architecture-urbanism-and-building-sciences/master-tracks/urbanism/programme/,1044.0,1.0439999999999958,3.0
https://www.tudelft.nl/staff/i.m.richardson/,1044.0,1.0439999999999958,3.0
https://www.tudelft.nl/tu-delft-studentenportal/ict/help/vpn-openvpn/,1044.0,1.0439999999999958,3.0
https://www.tudelft.nl/en/education/programmes/masters/electrical-engineering/msc-electrical-engineering/track-electrical-power-engineering/,1043.0,1.0429999999999964,4.0
https://www.tudelft.nl/onderwijs/opleidingen/bachelors/wb/bsc-werktuigbouwkunde/,1043.0,1.0429999999999968,3.0
https://www.tudelft.nl/onderwijs/opleidingen/bachelors/io/bsc-industrieel-ontwerpen/opleiding/,1042.0,1.041999999999996,3.0
https://www.tudelft.nl/onderwijs/opleidingen/masters/cheme/msc-chemical-engineering/,1042.0,1.041999999999996,3.0
https://www.tudelft.nl/onderwijs/opleidingen/bachelors/tb/bsc-technische-bestuurskunde/onderwijsprogramma/,1042.0,1.0419999999999963,3.0
https://www.tudelft.nl/onderwijs/opleidingen/bachelors/ct/bsc-civiele-techniek/onderwijsprogramma/,1042.0,1.0419999999999967,3.0
https://www.tudelft.nl/ewi/actueel/humans-of-eemcs/said-hamdioui/,1042.0,1.0419999999999965,2.0
https://www.tudelft.nl/en/education/admission-and-application/msc-international-diploma/admission-requirements/,1042.0,1.0419999999999963,3.0
https://www.tudelft.nl/onderwijs/opleidingen/bachelors/,1042.0,1.041999999999996,3.0
https://www.tudelft.nl/onderwijs/opleidingen/bachelors/wb/bsc-werktuigbouwkunde/aansluitende-masteropleidingen/,1042.0,1.041999999999996,3.0
https://www.tudelft.nl/onderwijs/opleidingen/masters/cheme/msc-chemical-engineering/track-chemical-product-engineering/contact/,1042.0,1.041999999999997,3.0
https://www.tudelft.nl/onderwijs/opleidingen/masters/cosem/msc-complex-systems-engineering-and-management/research/,1041.0,1.0409999999999964,3.0
https://www.tudelft.nl/en/ceg/about-faculty/departments/engineering-structures/sections-labs/pavement-engineering/staff/mw-katerina-varveri/,1041.0,1.0409999999999968,2.0
https://www.tudelft.nl/staff/m.alfeld/,1041.0,1.0409999999999964,3.0
https://www.tudelft.nl/citg/over-faculteit/afdelingen/watermanagement/,1041.0,1.0409999999999966,2.0
https://www.tudelft.nl/studenten/administratie/contact-centre/,1041.0,1.0409999999999968,4.0
https://www.tudelft.nl/citg/over-faculteit/afdelingen/hydraulic-engineering/sections/rivers-ports-waterways-and-dredging-engineering/staff/,1041.0,1.0409999999999966,2.0
https://www.tudelft.nl/onderwijs/opleidingen/masters/es/msc-embedded-systems/programme-in-detail/,1041.0,1.0409999999999962,3.0
https://www.tudelft.nl/onderwijs/opleidingen/masters/ee/msc-electrical-engineering/admission-and-application/,1040.0,1.0399999999999965,3.0
https://www.tudelft.nl/staff/l.nicola/,1040.0,1.0399999999999963,3.0
https://www.tudelft.nl/en/staff/l.a.i.kestens,1040.0,1.0399999999999967,4.0
https://www.tudelft.nl/studenten/ondersteuning/stagebureaus/,1040.0,1.0399999999999963,3.0
https://www.tudelft.nl/en/ceg/about-faculty/departments/transport-planning/staff/support-staff/,1040.0,1.0399999999999963,2.0
https://www.tudelft.nl/onderwijs/opleidingen/bachelors/io/bsc-industrieel-ontwerpen/onderwijsprogramma/,1040.0,1.039999999999997,3.0
https://www.tudelft.nl/onderwijs/opleidingen/masters/cme/msc-construction-management-and-engineering/admission-application-finance/,1040.0,1.0399999999999965,3.0
https://www.tudelft.nl/en/education/programmes/masters/mot/mot/,1039.0,1.0389999999999966,4.0
https://www.tudelft.nl/en/student/administration/enrolment/proof-of-enrolment/,1039.0,1.0389999999999964,2.0
https://www.tudelft.nl/onderwijs/opleidingen/masters/technical-medicine/msc-technical-medicine/operationair/,1039.0,1.0389999999999968,3.0
https://www.tudelft.nl/onderwijs/opleidingen/masters/cme/msc-construction-management-and-engineering/,1039.0,1.0389999999999968,3.0
https://www.tudelft.nl/onderwijs/opleidingen/minor/vrije-minor/,1039.0,1.0389999999999966,3.0
https://www.tudelft.nl/onderwijs/opleidingen/bachelors/lst/bsc-life-science-technology/onderwijsprogramma/,1039.0,1.0389999999999966,3.0
https://www.tudelft.nl/en/ceg/about-faculty/departments/geoscience-engineering/,1038.0,1.0379999999999967,2.0
https://www.tudelft.nl/studenten/onderwijs/academische-jaarindeling/,1038.0,1.0379999999999967,3.0
https://www.tudelft.nl/en/student/legal-position/binding-recommendation-on-continuation-of-studies/,1038.0,1.0379999999999971,2.0
https://www.tudelft.nl/onderwijs/opleidingen/bachelors/mst/bsc-molecular-science-technology/,1038.0,1.0379999999999967,3.0
https://www.tudelft.nl/onderwijs/opleidingen/masters/aubs/msc-architecture-urbanism-and-building-sciences/master-tracks/architecture/,1038.0,1.0379999999999965,3.0
https://www.tudelft.nl/studenten/administratie/,1037.0,1.036999999999997,4.0
https://www.tudelft.nl/en/ceg/about-faculty/departments/transport-planning/,1037.0,1.0369999999999968,2.0
https://www.tudelft.nl/en/student/education/academic-calendar/,1037.0,1.0369999999999966,2.0
https://www.tudelft.nl/studenten/rechtspositie/bindend-studieadvies/,1036.0,1.035999999999997,3.0
https://www.tudelft.nl/en/ceg/about-faculty/departments/watermanagement/,1036.0,1.035999999999997,2.0
https://www.tudelft.nl/onderwijs/opleidingen/masters/epa/msc-engineering-and-policy-analysis/,1035.0,1.034999999999997,3.0
https://www.tudelft.nl/onderwijs/opleidingen/masters/me/msc-mechanical-engineering/admission-and-application/,1034.0,1.0339999999999974,3.0
https://www.tudelft.nl/en/ceg/about-faculty/departments/geoscience-engineering/sections/geo-engineering/,1034.0,1.0339999999999971,2.0
https://www.tudelft.nl/studenten/ict/ict-voorzieningen/laptopproject/modellen-2019-2020/,1034.0,1.0339999999999971,3.0
https://www.tudelft.nl/tu-delft-studentenportal/ict/help/software-installaties/,1034.0,1.033999999999997,4.0
https://www.tudelft.nl/en/student/services/,1034.0,1.0339999999999976,2.0
https://www.tudelft.nl/en/student/ict/ict-facilities/virtual-private-network-vpn/,1034.0,1.033999999999997,2.0
https://www.tudelft.nl/en/student/ict/,1033.0,1.0329999999999975,2.0
https://www.tudelft.nl/citg/over-faculteit/afdelingen/hydraulic-engineering/sections/rivers-ports-waterways-and-dredging-engineering/staff/broos-ej/,1033.0,1.0329999999999973,2.0
https://www.tudelft.nl/onderwijs/,1033.0,1.0329999999999975,3.0
https://www.tudelft.nl/citg/over-faculteit/afdelingen/materials-mechanics-management-design-3md/sections-labs/applied-mechanics/,1032.0,1.0319999999999976,2.0
https://www.tudelft.nl/staff/r.benedictus/,1032.0,1.0319999999999971,3.0
https://www.tudelft.nl/en/ceg/about-faculty/departments/geoscience-engineering/sections/geo-engineering/staff/academic-staff/gavin-kg/,1032.0,1.0319999999999974,2.0
https://www.tudelft.nl/en/ceg/about-faculty/departments/transport-planning/staff/personal-pages/r-rajshree-madarie-bhikhie/,1032.0,1.0319999999999971,2.0
https://www.tudelft.nl/en/education/admission-and-application/msc-international-diploma/dates-deadlines/,1032.0,1.0319999999999971,4.0
https://www.tudelft.nl/en/about-tu-delft/working-at-tu-delft/search-jobs/,1032.0,1.0319999999999971,4.0
https://www.tudelft.nl/en/education/admission-and-application/msc-international-diploma/,1031.0,1.0309999999999973,3.0
https://www.tudelft.nl/over-tu-delft/organisatie/,1031.0,1.0309999999999975,3.0
http://staff.tudelft.nl/en/M.Popov,1031.0,1.0309999999999973,3.0
https://www.tudelft.nl/en/about-tu-delft/strategy/integrity-policy/human-research-ethics/application/,1030.0,1.0299999999999974,3.0
https://www.tudelft.nl/en/staff/d.braekmans,1030.0,1.0299999999999976,3.0
https://www.tudelft.nl/2020/safety-and-security-institute/tu-delft-risk-management-summer-course-2020/,1030.0,1.0299999999999974,3.0
https://www.tudelft.nl/en/student/ict/help/,1030.0,1.0299999999999974,2.0
https://www.tudelft.nl/2020/tu-delft/coronavirus/huidige-maatregelen/,1030.0,1.0299999999999974,3.0
https://www.tudelft.nl/over-tu-delft/zoek-medewerkers/,1030.0,1.0299999999999976,3.0
https://www.tudelft.nl/en/education/admission-and-application/minors/,1029.0,1.0289999999999975,3.0
https://www.tudelft.nl/en/education/programmes/masters/cosem/msc-complex-systems-engineering-and-management/,1029.0,1.0289999999999975,3.0
https://www.tudelft.nl/zoeken/,1029.0,1.0289999999999975,3.0
https://www.tudelft.nl/staff/a.cipriani/?cHash=55e9649e1df2b84fa2aab5528073cefc,1029.0,1.0289999999999975,3.0
https://www.tudelft.nl/en/student/ict/ict-facilities/netid-account/,1029.0,1.0289999999999975,2.0
https://www.tudelft.nl/en/student/administration/contact-centre/,1028.0,1.0279999999999976,2.0
https://www.tudelft.nl/en/education/programmes/phd/,1028.0,1.0279999999999976,3.0
https://www.tudelft.nl/en/about-tu-delft/working-at-tu-delft/coming-to-the-netherlands-tu-delft/good-reasons-to-work-at-tu-delft/benefits-rewards/,1027.0,1.026999999999998,4.0
https://www.tudelft.nl/en/education/programmes/bachelors/tb/bsc-technische-bestuurskunde/,1027.0,1.0269999999999977,4.0
https://www.tudelft.nl/studenten/administratie/regeling-afstudeersteun-studenten/regeling-profileringsfonds-besturen-commisies/,1027.0,1.0269999999999977,3.0
https://www.tudelft.nl/actueel/agenda/,1027.0,1.0269999999999977,3.0
https://www.tudelft.nl/en/education/programmes/bachelors/nb/bsc-nanobiology/,1027.0,1.0269999999999977,4.0
https://www.tudelft.nl/2020/bk/de-experts-kunnen-het-niet-alleen/,1026.0,1.0259999999999978,3.0
https://www.tudelft.nl/en/education/programmes/minor/thematic-minor-overview/,1026.0,1.0259999999999982,3.0
https://www.tudelft.nl/en/education/programmes/bachelors/ae/bsc-aerospace-engineering/admission-requirements/,1025.0,1.024999999999998,4.0
https://www.tudelft.nl/en/education/programmes/masters/aerospace-engineering/msc-aerospace-engineering/master-tracks/,1025.0,1.024999999999998,4.0
https://www.tudelft.nl/over-tu-delft/werken-bij-tu-delft/,1025.0,1.024999999999998,3.0
https://www.tudelft.nl/citg/over-faculteit/afdelingen/watermanagement/research/facts-figures/,1025.0,1.0249999999999981,2.0
https://www.tudelft.nl/en/education/programmes/,1025.0,1.024999999999998,4.0
https://www.tudelft.nl/en/search/,1024.0,1.023999999999998,3.0
https://www.tudelft.nl/en/2020/tu-delft/coronavirus/current-measures/campus/,1024.0,1.023999999999998,3.0
https://www.tudelft.nl/actueel/,1024.0,1.0239999999999982,3.0
https://www.tudelft.nl/2014/tu-delft/online-cursus-wiskunde-voor-middelbare-scholieren/,1024.0,1.0239999999999982,3.0
https://www.tudelft.nl/over-tu-delft/voorleeshulp-browsealoud/,1024.0,1.023999999999998,3.0
https://www.tudelft.nl/en/education/admission-and-application/minors/registration-procedure-and-deadlines-for-lei-and-eur-students/,1024.0,1.023999999999998,4.0
https://www.tudelft.nl/en/education/programmes/bachelors/tb/bsc-technische-bestuurskunde/field-of-study/,1024.0,1.023999999999998,3.0
https://www.tudelft.nl/en/education/practical-matters/housing/,1024.0,1.0239999999999982,4.0
https://www.tudelft.nl/en/education/programmes/masters/cosem/msc-complex-systems-engineering-and-management/research/,1023.0,1.0229999999999981,4.0
https://www.tudelft.nl/over-tu-delft/werken-bij-tu-delft/vacatures/,1023.0,1.0229999999999981,3.0
https://www.tudelft.nl/en/current/,1023.0,1.0229999999999981,4.0
https://www.tudelft.nl/en/education/programmes/bachelors/mst/bsc-molecular-science-technology/,1023.0,1.0229999999999984,4.0
https://www.tudelft.nl/staff/s.g.p.castro/,1022.0,1.0219999999999985,3.0
https://www.tudelft.nl/en/education/programmes/phd/phd-admission/,1022.0,1.0219999999999982,3.0
https://www.tudelft.nl/en/education/programmes/masters/mechanical-engineering/msc-mechanical-engineering/track-overview/track-biomechanical-design/msc-programme/specialisations/biorobotics-br/,1022.0,1.0219999999999982,4.0
https://www.tudelft.nl/en/education/,1022.0,1.0219999999999982,3.0
https://www.tudelft.nl/en/education/programmes/masters/aerospace-engineering/msc-aerospace-engineering/admission-and-application/i-am-a-non-euefta-citizen/,1022.0,1.0219999999999982,4.0
https://www.tudelft.nl/en/education/programmes/post-academic-professionals/pdeng-programmes/,1021.0,1.0209999999999984,4.0
https://www.tudelft.nl/en/education/practical-matters/insurance-and-healthcare/,1020.0,1.0199999999999987,3.0
https://www.tudelft.nl/over-tu-delft/werken-bij-tu-delft/wetenschappelijke-staf/,1020.0,1.0199999999999985,3.0
https://www.tudelft.nl/en/education/programmes/masters/architecture-urbanism-and-building-sciences/msc-architecture-urbanism-and-building-sciences/master-tracks/architecture/,1020.0,1.0199999999999985,3.0
https://www.tudelft.nl/en/education/practical-matters/city-of-delft/,1020.0,1.0199999999999985,3.0
http://pwstudelft.nl,1020.0,1.0199999999999985,2.0
https://www.tudelft.nl/en/education/programmes/post-academic-professionals/the-berlage-post-master-in-architecture-and-urban-design/,1020.0,1.0199999999999985,3.0
https://www.tudelft.nl/en/education/programmes/bachelors/,1020.0,1.0199999999999985,4.0
https://www.tudelft.nl/en/about-tu-delft/working-at-tu-delft/coming-to-the-netherlands-tu-delft/good-reasons-to-work-at-tu-delft/,1020.0,1.0199999999999985,3.0
https://www.tudelft.nl/en/education/programmes/masters/civil-engineering/msc-civil-engineering/msc-programme/masters-theses-civil-engineering-and-geosciences/,1020.0,1.0199999999999985,3.0
https://www.tudelft.nl/en/2020/tu-delft/coronavirus/current-measures/thesis-defences/,1019.0,1.0189999999999988,4.0
https://www.tudelft.nl/en/education/programmes/bachelors/aes/bsc-applied-earth-sciences/curriculum/,1019.0,1.0189999999999986,4.0
https://www.tudelft.nl/en/education/programmes/masters/architecture-urbanism-and-building-sciences/msc-architecture-urbanism-and-building-sciences/,1019.0,1.0189999999999986,3.0
https://www.tudelft.nl/en/education/programmes/post-academic-professionals/short-courses/,1019.0,1.0189999999999986,4.0
https://www.tudelft.nl/en/education/admission-and-application/bsc-international-diploma/,1018.0,1.0179999999999987,3.0
https://www.tudelft.nl/en/education/programmes/masters/mechanical-engineering/msc-mechanical-engineering/,1018.0,1.0179999999999987,3.0
https://www.tudelft.nl/en/education/practical-matters/guidance/,1018.0,1.0179999999999987,3.0
https://www.tudelft.nl/en/education/practical-matters/tuition-fee-finances/statutory-fee/,1018.0,1.0179999999999987,4.0
https://www.tudelft.nl/en/2020/tu-delft/coronavirus/current-measures/,1017.0,1.0169999999999988,4.0
https://www.tudelft.nl/en/education/programmes/masters/aerospace-engineering/msc-aerospace-engineering/admission-and-application/,1017.0,1.0169999999999988,4.0
https://www.tudelft.nl/over-tu-delft/,1016.0,1.0159999999999991,3.0
https://www.tudelft.nl/en/education/programmes/masters/civil-engineering/msc-civil-engineering/,1016.0,1.015999999999999,4.0
https://www.tudelft.nl/en/education/programmes/bachelors/tn/bachelor-of-applied-physics/,1016.0,1.015999999999999,3.0
https://www.tudelft.nl/en/education/programmes/bachelors/lst/bsc-life-science-technology/,1015.0,1.014999999999999,4.0
https://www.tudelft.nl/en/education/programmes/bachelors/ae/bsc-aerospace-engineering/,1014.0,1.0139999999999991,4.0
https://www.tudelft.nl/en/education/programmes/masters/computer-science/msc-computer-science/the-data-science-technology-track/,1014.0,1.0139999999999993,3.0
https://www.tudelft.nl/en/education/programmes/minor/self-composed-minor/,1013.0,1.0129999999999992,4.0
https://www.tudelft.nl/en/ide/education/master-studies/msc-design-for-interaction/,1012.0,1.0119999999999993,3.0
https://www.tudelft.nl/en/about-tu-delft/facts-and-figures/annual-reports/,1012.0,1.0119999999999993,3.0
https://www.tudelft.nl/en/education/admission-and-application/,1011.0,1.0109999999999995,4.0
https://www.tudelft.nl/en/education/programmes/phd/finding-a-position/,1011.0,1.0109999999999995,4.0
https://www.tudelft.nl/en/education/practical-matters/visa-residence-permit/,1009.0,1.0089999999999997,3.0
https://www.tudelft.nl/en/education/programmes/masters/computer-science/msc-computer-science/,1009.0,1.0089999999999997,4.0
https://www.tudelft.nl/en/education/programmes/masters/architecture-urbanism-and-building-sciences/msc-architecture-urbanism-and-building-sciences/master-tracks/building-technology/,1009.0,1.0089999999999997,4.0
https://www.tudelft.nl/en/education/admission-and-application/msc-international-diploma/admission-requirements/where-did-you-obtain-your-degree/,1009.0,1.0089999999999997,4.0
https://www.tudelft.nl/en/faculty-of-applied-sciences/about-faculty/departments/radiation-science-technology/,1000.0,1.0000000000000007,1.0
https://pure.tudelft.nl/portal/en/persons/j-dik(387e4c94-0015-4296-86b7-2b6a94c4d208)/publications.html,1000.0,1.0000000000000007,1.0
https://www.tudelft.nl/index.php?id=56576,1000.0,1.0000000000000007,1.0
https://studiegids.tudelft.nl/menuAction.do?toolbarSelection=tree,1000.0,1.0000000000000007,1.0
https://repository.tudelft.nl/islandora/search/collection%3Aaerospace_reports?collection=research,1000.0,1.0000000000000007,1.0
https://repository.tudelft.nl/islandora/search/collection%3Air?collection=research,1000.0,1.0000000000000007,1.0
https://studiegids.tudelft.nl/a101_displayCourse.do?course_id=49603,1000.0,1.0000000000000007,1.0
http://www.studiegids.tudelft.nl/a101_displayProgram.do?program_tree_id=18423,1000.0,1.0000000000000007,1.0
https://pure.tudelft.nl/portal/en/persons/g-slingerland(f7d75ea5-bbd2-44ca-843a-57d01d5249d1)/publications.html,1000.0,1.0000000000000007,1.0
http://www.wbmt2.tudelft.nl/FACIL/3mE_plattegrond.htm,1000.0,1.0000000000000007,1.0
https://repository.tudelft.nl/islandora/object/uuid%3A32cbd12e-2a71-4863-9d6a-0ab33ab1c7fb?collection=education,1000.0,1.0000000000000007,1.0
https://www.tudelft.nl/ict-handleidingen/printen-scannen-en-kopieren/,1000.0,1.0000000000000007,1.0
https://www.tudelft.nl/en/2020/tnw/zigzag-dna/,1000.0,1.0000000000000007,1.0
https://www.tudelft.nl/en/faculty-of-applied-sciences/about-faculty/departments/imphys/people/jacob-hoogenboom/,1000.0,1.0000000000000007,1.0
http://www.wbmt2.tudelft.nl/ONDERWIJS/studyabroad/3mE-internship-checklist.pdf,1000.0,1.0000000000000007,1.0
https://online-learning.tudelft.nl/courses/open-data-governance-and-use/,1000.0,1.0000000000000007,1.0
https://www.tudelft.nl/studenten/faculteiten/3me-studentenportal/,1000.0,1.0000000000000007,1.0
https://www.tudelft.nl/en/eemcs/the-faculty/departments/applied-mathematics/mathematical-physics/people/jla-dubbeldam/,1000.0,1.0000000000000007,1.0
https://www.tudelft.nl/en/2020/tnw/researchers-organically-engineer-solar-cells-using-enzymes-in-papaya-fruit/,1000.0,1.0000000000000007,1.0
https://pure.tudelft.nl/portal/en/persons/jmc-mol(919c62ae-5bad-4af8-b271-49771a0b28a6)/publications.html,1000.0,1.0000000000000007,1.0
https://www.tudelft.nl/en/faculty-of-applied-sciences/about-faculty/departments/chemical-engineering/,1000.0,1.0000000000000007,1.0
https://www.tudelft.nl/sciencecentre/activiteiten/demos/,1000.0,1.0000000000000007,1.0
https://pure.tudelft.nl/portal/en/persons/sma-sedighi(3e6be35e-4870-436f-a5b0-3c8d404eac39)/publications.html,1000.0,1.0000000000000007,1.0
http://campusdevelopment.tudelft.nl/project/pulse/,1000.0,1.0000000000000007,1.0
http://brightspace.tudelft.nl,1000.0,1.0000000000000007,1.0
http://ta.twi.tudelft.nl/users/vuik/gpu.html,1000.0,1.0000000000000007,1.0
https://www.tudelft.nl/en/faculty-of-applied-sciences/about-faculty/departments/imphys/people/aurele-adam/,1000.0,1.0000000000000007,1.0
https://books.bk.tudelft.nl/index.php/press/catalog/book/517,1000.0,1.0000000000000007,1.0
https://www.tudelft.nl/en/faculty-of-applied-sciences/about-faculty/departments/imphys/people/nico-de-jong/,1000.0,1.0000000000000007,1.0
https://www.tudelft.nl/en/faculty-of-applied-sciences/about-faculty/departments/imphys/people/nandini-bhattacharya/,1000.0,1.0000000000000007,1.0
http://collegeramacolleges.tudelft.nl/online/welcome/,1000.0,1.0000000000000007,1.0
http://railahead.tudelft.nl/research/,1000.0,1.0000000000000007,1.0
https://www.tudelft.nl/en/faculty-of-applied-sciences/about-faculty/departments/imphys/people/paul-urbach/,1000.0,1.0000000000000007,1.0
http://www.studiegids.tudelft.nl/bbDefault.do?SIS_SwitchLang=en,1000.0,1.0000000000000007,1.0
https://www.tudelft.nl/studenten/faculteiten/citg-studentenportal/onderwijs/onderwijsinformatie/educational-rules-and-regulations/,1000.0,1.0000000000000007,1.0
https://www.tudelft.nl/2020/3me/maart/miljoenen-voor-verbetering-binnenvaart-rijn-alpen-corridor/,1000.0,1.0000000000000007,1.0
https://www.tudelft.nl/en/technology-transfer/development-innovation/research-exhibition-projects/,1000.0,1.0000000000000007,1.0
http://studiegids.tudelft.nl/a101_displayCourse.do?course_id=44929,1000.0,1.0000000000000007,1.0
https://www.tudelft.nl/tnw/over-faculteit/afdelingen/bionanoscience/research/research-labs/aubin-tam-group/,1000.0,1.0000000000000007,1.0
http://www.wbmt2.tudelft.nl/onderw/curriculum/Modulekaart_BSc-MT-2019-2020.pdf,1000.0,1.0000000000000007,1.0
https://www.tudelft.nl/tbm/over-de-faculteit/afdelingen/multi-actor-systems/people/researchers/dr-sl-sharlene-gomes/,1000.0,1.0000000000000007,1.0
https://www.tudelft.nl/en/it-manuals/,1000.0,1.0000000000000007,1.0
https://studiegids.tudelft.nl/a101_displayProgram.do?program_tree_id=20332,1000.0,1.0000000000000007,1.0
https://pure.tudelft.nl/portal/en/persons/fd-van-der-hoeven(a153db30-eb15-4691-924d-f96d45478f2b)/publications.html,1000.0,1.0000000000000007,1.0
https://pure.tudelft.nl/portal/en/persons/rmp-goverde(e14d6d42-cc06-432c-b7c5-766eed291158)/publications.html,1000.0,1.0000000000000007,1.0
https://www.tudelft.nl/docenten-en-decanen/,1000.0,1.0000000000000007,1.0
https://studiegids.tudelft.nl/a101_displayCourse.do?course_id=49232,1000.0,1.0000000000000007,1.0
https://online-learning.tudelft.nl/instructors/jaap-daalhuizen/,1000.0,1.0000000000000007,1.0
http://repository.tudelft.nl/submit/thesis/,1000.0,1.0000000000000007,1.0
http://www.studiegids.tudelft.nl/a101_displayCourse.do?course_id=41700,1000.0,1.0000000000000007,1.0
https://pure.tudelft.nl/portal/en/persons/j-rezaei(4f28f3c6-ed52-478d-94ac-1176e14aea6f)/publications.html,1000.0,1.0000000000000007,1.0
http://www.studiegids.tudelft.nl/a101_displayProgram.do?program_tree_id=18430,1000.0,1.0000000000000007,1.0
https://www.tudelft.nl/bk/,1000.0,1.0000000000000007,1.0
https://studiegids.tudelft.nl/a101_displayProgram.do?program_tree_id=21847,1000.0,1.0000000000000007,1.0
https://brightspace.tudelft.nl/d2l/home/43838,1000.0,1.0000000000000007,1.0
http://www.wbmt2.tudelft.nl/onderw2019/wb1ejaar_2019-2020.htm,1000.0,1.0000000000000007,1.0
https://printportal.tudelft.nl:9443/end-user/ui/login,1000.0,1.0000000000000007,1.0
https://www.tudelft.nl/en/faculty-of-applied-sciences/about-faculty/departments/imphys/people/silvania-pereira/,1000.0,1.0000000000000007,1.0
https://www.tudelft.nl/en/faculty-of-applied-sciences/about-faculty/departments/bionanoscience/research/research-labs/koenderink-lab/,1000.0,1.0000000000000007,1.0
https://online-learning.tudelft.nl/courses/design-for-values/,1000.0,1.0000000000000007,1.0
https://www.tudelft.nl/stories/,1000.0,1.0000000000000007,1.0
https://studiegids.tudelft.nl/a101_displayCourse.do?course_id=49359,1000.0,1.0000000000000007,1.0
https://www.tudelft.nl/en/3me/,1000.0,1.0000000000000007,1.0
https://www.tudelft.nl/actueel/laatste-nieuws/?eID=sitetud_rss&limit=15&pid=5495&resultPluginUid=60915&cHash=c11434e071bea6e0b8b77d00debff2da,1000.0,1.0000000000000007,1.0
https://www.tudelft.nl/io/studeren/masteropleidingen/,1000.0,1.0000000000000007,1.0
https://www.tudelft.nl/sustainability/about/team/,1000.0,1.0000000000000007,1.0
http://studiegids.tudelft.nl,1000.0,1.0000000000000007,1.0
https://pure.tudelft.nl/portal/en/persons/w-sun(f29c2d29-f2ac-469e-83bf-911c4c3d7900)/publications.html,1000.0,1.0000000000000007,1.0
https://www.tudelft.nl/en/2019/tnw/combination-of-microscopy-techniques-makes-images-twice-as-sharp/,1000.0,1.0000000000000007,1.0
https://pure.tudelft.nl/portal/en/persons/vj-meijer(8eefe2b7-8464-4148-a665-3842d792fe53)/publications.html,1000.0,1.0000000000000007,1.0
https://www.tudelft.nl/en/faculty-of-applied-sciences/about-faculty/departments/imphys/people/martin-verweij/,1000.0,1.0000000000000007,1.0
http://studiegids.tudelft.nl/menuAction.do?toolbarSelection=tree,1000.0,1.0000000000000007,1.0
https://www.wbmt2.tudelft.nl/onderw/curriculum/Modulekaart_BSc-Wb-2019-2020.pdf,1000.0,1.0000000000000007,1.0
https://www.tudelft.nl/io/over-io/contact/plattegronden/,1000.0,1.0000000000000007,1.0
https://www.tudelft.nl/ewi/over-de-faculteit/afdelingen/applied-mathematics/statistics/people/g-jongbloed/,1000.0,1.0000000000000007,1.0
http://www.studiegids.tudelft.nl/a101_displayCourse.do?course_id=23744,1000.0,1.0000000000000007,1.0
https://www.tudelft.nl/3me/over/afdelingen/maritime-and-transport-technology/people/ship-hydromechanics/,1000.0,1.0000000000000007,1.0
https://studiegids.tudelft.nl/a101_displayCourse.do?course_id=50259,1000.0,1.0000000000000007,1.0
https://www.tudelft.nl/ddream/teams/project-march/,1000.0,1.0000000000000007,1.0
https://www.tudelft.nl/en/faculty-of-applied-sciences/about-faculty/departments/biotechnology/,1000.0,1.0000000000000007,1.0
https://tulib.tudelft.nl/searching-resources/making-a-search-plan/,1000.0,1.0000000000000007,1.0
https://www.tudelft.nl/en/library/about-the-library/tu-delft-library-presents/drawing-rooms/,1000.0,1.0000000000000007,1.0
https://www.tudelft.nl/citg/over-faculteit/afdelingen/geoscience-remote-sensing/education/track-geoscience-and-remote-sensing/,1000.0,1.0000000000000007,1.0
http://password.tudelft.nl,1000.0,1.0000000000000007,1.0
https://pure.tudelft.nl/portal/en/persons/jc-diehl(f55e6009-c69f-4081-ab87-a45ccad925ca)/publications.html,1000.0,1.0000000000000007,1.0
https://www.tudelft.nl/en/faculty-of-applied-sciences/about-faculty/departments/imphys/people/eric-verschuur/,1000.0,1.0000000000000007,1.0
https://www.tudelft.nl/citg/actueel/citg-op-social-media/,1000.0,1.0000000000000007,1.0
https://www.tudelft.nl/3me/over/afdelingen/materials-science-and-engineering/research/corrosion-technology-and-electrochemistry/people/herman-terryn/,1000.0,1.0000000000000007,1.0
https://www.tudelft.nl/en/technology-transfer/contact/,1000.0,1.0000000000000007,1.0
https://pure.tudelft.nl/portal/en/persons/t-konstantinou(733e2e6a-6715-48b7-a861-878205f115f4)/publications.html,1000.0,1.0000000000000007,1.0
http://finance.tudelft.nl,1000.0,1.0000000000000007,1.0
http://studiegids.tudelft.nl/a101_displayCourse.do?course_id=40534,1000.0,1.0000000000000007,1.0
https://www.tudelft.nl/tnw/over-faculteit/afdelingen/bionanoscience/research/research-labs/dimphna-meijer-lab/,1000.0,1.0000000000000007,1.0
https://www.tudelft.nl/ewi/over-de-faculteit/afdelingen/software-technology/algorithmics/people/mathijs-de-weerdt/,1000.0,1.0000000000000007,1.0
http://studieverzameling.ewi.tudelft.nl,1000.0,1.0000000000000007,1.0
http://www.studiegids.tudelft.nl,1000.0,1.0000000000000007,1.0
https://www.tudelft.nl/ict-handleidingen/skype-for-business/,1000.0,1.0000000000000007,1.0
http://www.wbmt2.tudelft.nl/onderw2019/wb2ejaar_2019-2020.htm,1000.0,1.0000000000000007,1.0
https://www.tudelft.nl/en/tpm/about-the-faculty/contact-and-map/support-services/studieadviseurs/make-an-appointment/,1000.0,1.0000000000000007,1.0
https://www.tudelft.nl/en/faculty-of-applied-sciences/about-faculty/departments/imphys/people/nico-de-jong/research/bubbles-and-protons-against-cancer/,1000.0,1.0000000000000007,1.0
http://homepage.tudelft.nl/q1d90/FBweb/scientific_page.html,1000.0,1.0000000000000007,1.0
https://www.tudelft.nl/bk/studeren/summerschools/summerschool-sustainable-housing-from-a-european-perspective/,1000.0,1.0000000000000007,1.0
http://meldingen-ict.tudelft.nl,1000.0,1.0000000000000007,1.0
https://books.bk.tudelft.nl/index.php/press/catalog/book/ISBN-9789463662079,1000.0,1.0000000000000007,1.0
https://www.tudelft.nl/en/faculty-of-applied-sciences/about-faculty/departments/imphys/people/pieter-kruit/,1000.0,1.0000000000000007,1.0
https://www.tudelft.nl/en/faculty-of-applied-sciences/about-faculty/departments/imphys/people/kees-hagen/,1000.0,1.0000000000000007,1.0
http://www.studiegids.tudelft.nl/a101_displayProgram.do?program_tree_id=16772,1000.0,1.0000000000000007,1.0
https://www.tudelft.nl/en/2019/tu-delft/tu-delft-tops-new-global-mooc-rankings/,1000.0,1.0000000000000007,1.0
http://www.opendata.bk.tudelft.nl,1000.0,1.0000000000000007,1.0
http://www.wbmt2.tudelft.nl/bep-wb/bep_def.pdf,1000.0,1.0000000000000007,1.0
https://repository.tudelft.nl/islandora/search/?collection=research,1000.0,1.0000000000000007,1.0
https://studiegids.tudelft.nl/a101_displayCourse.do?course_id=52107,1000.0,1.0000000000000007,1.0
https://www.tudelft.nl/tnw/onderzoek/in-de-spotlight/sleutelen-aan-het-leven/,1000.0,1.0000000000000007,1.0
https://pure.tudelft.nl/admin,1000.0,1.0000000000000007,1.0
https://www.tudelft.nl/tnw/over-faculteit/afdelingen/chemical-engineering/scientific-staff/stephen-picken/,1000.0,1.0000000000000007,1.0
http://ii.tudelft.nl/~catholijn,1000.0,1.0000000000000007,1.0
https://pure.tudelft.nl/portal/en/persons/mj-santofimia-navarro(dfe40a2e-8ad5-492f-9e6a-d710744e08d2)/publications.html,1000.0,1.0000000000000007,1.0
http://www.studiegids.tudelft.nl/a101_displayCourse.do?course_id=41699,1000.0,1.0000000000000007,1.0
https://www.tudelft.nl/3me/,1000.0,1.0000000000000007,1.0
https://www.tudelft.nl/en/eemcs/the-faculty/departments/applied-mathematics/mathematical-physics/people/aw-heemink/,1000.0,1.0000000000000007,1.0
https://www.delta.tudelft.nl/article/communication-innovation,1000.0,1.0000000000000007,1.0
http://software.tudelft.nl,1000.0,1.0000000000000007,1.0
http://homepage.tudelft.nl/h5u3d/index.html,1000.0,1.0000000000000007,1.0
https://wiki.tudelft.nl/bin/view/Research/PRCV/WebHome,1000.0,1.0000000000000007,1.0
https://www.tudelft.nl/en/3me/about/departments/materials-science-and-engineering/research/corrosion-technology-and-electrochemistry/people/maxine-ankora/,1000.0,1.0000000000000007,1.0
https://www.tudelft.nl/en/2020/3me/march/millions-of-euros-to-improve-to-improve-the-rhine-alpine-freight-corridor/,1000.0,1.0000000000000007,1.0
https://www.tudelft.nl/en/2020/tu-delft/the-magnet-that-didnt-exist/,1000.0,1.0000000000000007,1.0
https://www.tudelft.nl/en/faculty-of-applied-sciences/business/need-a-graduate-or-student/tnw-internship-office/,1000.0,1.0000000000000007,1.0
https://www.tudelft.nl/universiteitsfonds/,1000.0,1.0000000000000007,1.0
http://www.studiegids.tudelft.nl/a101_displayProgram.do?program_tree_id=18433,1000.0,1.0000000000000007,1.0
https://pure.tudelft.nl/portal/en/persons/j-sietsma(e614009f-7c02-4312-b589-d462a67256d6)/publications.html,1000.0,1.0000000000000007,1.0
https://pure.tudelft.nl/portal/en/persons/f-messali(1667ccc4-cb8d-4f62-a889-5b43dc1e819a)/publications.html,1000.0,1.0000000000000007,1.0
https://brightspace.tudelft.nl,1000.0,1.0000000000000007,1.0
http://weblogin.tudelft.nl,1000.0,1.0000000000000007,1.0
https://pure.tudelft.nl/portal/en/persons/rbj-brinkgreve(eecdc503-e14c-4984-a69f-7b28a371e90f)/publications.html,1000.0,1.0000000000000007,1.0
https://www.tudelft.nl/en/library/collections/standards-statistics-and-more/,1000.0,1.0000000000000007,1.0
https://www.tudelft.nl/en/2020/tu-delft/tu-delft-climate-arboretum/,1000.0,1.0000000000000007,1.0
https://www.tudelft.nl/library/collecties/kaartenkamer/,1000.0,1.0000000000000007,1.0
https://www.tudelft.nl/PolicyModellingLab,1000.0,1.0000000000000007,1.0
https://weblogin.tudelft.nl/vpn/index.html,1000.0,1.0000000000000007,1.0
https://www.tudelft.nl/io/studeren/minors/,1000.0,1.0000000000000007,1.0
https://www.tudelft.nl/ewi/over-de-faculteit/afdelingen/applied-mathematics/statistics/people/j-j-cai/,1000.0,1.0000000000000007,1.0
https://pure.tudelft.nl/portal/en/persons/j-caro(342b86c8-71b4-44f0-9166-29117190d341)/publications.html,1000.0,1.0000000000000007,1.0
http://www.alg.ewi.tudelft.nl,1000.0,1.0000000000000007,1.0
https://pure.tudelft.nl/portal/en/persons/o-el-gawhary(67e92674-3ab8-4b49-9b97-1152e377fb10)/publications.html,1000.0,1.0000000000000007,1.0
https://www.tudelft.nl/ethics/,1000.0,1.0000000000000007,1.0
https://pure.tudelft.nl/portal/en/persons/a-mohammadi-gheidari(f9d95be7-e2c7-492e-836a-e6a698337c61)/publications.html,1000.0,1.0000000000000007,1.0
https://www.tudelft.nl/en/faculty-of-applied-sciences/research/in-the-spotlight/tinkering-under-the-bonnet-of-life/,1000.0,1.0000000000000007,1.0
https://www.tudelft.nl/3me/over/afdelingen/materials-science-and-engineering/research/corrosion-technology-and-electrochemistry/people/kleopatra-papamichou/,1000.0,1.0000000000000007,1.0
http://wbmt2.tudelft.nl/schakelen_3me/00Schakelprogramma's_BME.pdf,1000.0,1.0000000000000007,1.0
https://pwstudelft.nl,1000.0,1.0000000000000007,1.0
https://www.tudelft.nl/sciencecentre/activiteiten/backstage-tours/living-in-the-future/,1000.0,1.0000000000000007,1.0
http://studyguide.tudelft.nl,1000.0,1.0000000000000007,1.0
https://webmail.tudelft.nl,1000.0,1.0000000000000007,1.0
http://www.studiegids.tudelft.nl/a101_displayProgram.do?program_tree_id=18422,1000.0,1.0000000000000007,1.0
https://pure.tudelft.nl/portal/en/persons/mamm-van-der-meijden(b72228a5-5753-4190-a31b-d6a32269d2c7)/publications.html,1000.0,1.0000000000000007,1.0
http://journals.library.tudelft.nl/index.php/jscms/index,1000.0,1.0000000000000007,1.0
http://osiaan.tudelft.nl,1000.0,1.0000000000000007,1.0
https://studiegids.tudelft.nl/a101_displayCourse.do?course_id=50261,1000.0,1.0000000000000007,1.0
http://www.wbmt2.tudelft.nl/onderw2019/wb3ejaar_2019-2020.htm,1000.0,1.0000000000000007,1.0
https://collegerama.tudelft.nl/Mediasite/Play/015f0a5464e34294b1bc8ad34a05841d1d,1000.0,1.0000000000000007,1.0
https://www.tudelft.nl/io/over-io/contact/openingstijden/,1000.0,1.0000000000000007,1.0
https://www.tudelft.nl/en/faculty-of-applied-sciences/about-faculty/departments/imphys/people/koen-van-dongen/,1000.0,1.0000000000000007,1.0
https://studiegids.tudelft.nl/a101_displayProgram.do?program_tree_id=21844,1000.0,1.0000000000000007,1.0
https://www.tudelft.nl/bk/studeren/beroepservaringsperiode/,1000.0,1.0000000000000007,1.0
https://studiegids.tudelft.nl/a101_displayProgram.do?program_tree_id=20556,1000.0,1.0000000000000007,1.0
https://studiegids.tudelft.nl/a101_displayProgram.do?program_tree_id=21835,1000.0,1.0000000000000007,1.0
https://software.tudelft.nl,1000.0,1.0000000000000007,1.0
https://repository.tudelft.nl/islandora/search/collection%3Ageoscience_reports?collection=research,1000.0,1.0000000000000007,1.0
https://pure.tudelft.nl/portal/en/persons/w-zhang(180661f5-ca84-498a-872f-2b5d150cac6b)/publications.html,1000.0,1.0000000000000007,1.0
https://studiegids.tudelft.nl/a101_displayProgram.do?program_tree_id=20383,1000.0,1.0000000000000007,1.0
http://nmc360.tudelft.nl/vtcubedesign/,1000.0,1.0000000000000007,1.0
https://www.tudelft.nl/tbm/over-de-faculteit/afdelingen/multi-actor-systems/people/assistant-professors/leon-hermans/,1000.0,1.0000000000000007,1.0
https://repository.tudelft.nl/islandora/search/collection%3Ahydraulic_reports?collection=research,1000.0,1.0000000000000007,1.0
https://studiegids.tudelft.nl/a101_displayCourse.do?course_id=49238,1000.0,1.0000000000000007,1.0
https://repository.tudelft.nl/islandora/object/uuid%3A4d89effe-a7d1-4b11-93e3-ec3b4a9ae897?collection=education,1000.0,1.0000000000000007,1.0
https://www.tudelft.nl/library/copyright/c/placing-an-article-or-part-of-a-book-in-brightspace/,1000.0,1.0000000000000007,1.0
https://www.tudelft.nl/en/2020/tu-delft/tu-delft-masters-students-start-initiative-for-developing-ventilators/,1000.0,1.0000000000000007,1.0
